static const char kernel_config_data[] __used = MAGIC_START
	"\x1f\x8b\x08\x00\x00\x00\x00\x00\x02\x03\x94\x3c\xdb\x72\xdb\x38"
	"\xb2\xef\xf3\x15\xaa\xcc\xcb\x6e\x9d\x33\x89\x6e\xbe\xed\x29\x3f"
	"\x40\x24\x28\x61\x45\x12\x34\x00\x4a\xb6\x5f\x58\x8a\x2d\x67\x5c"
	"\x63\xcb\x59\x59\xce\x24\x7f\x7f\xba\x01\x5e\x00\x12\x94\xbd\x53"
	"\xa9\x49\x84\x6e\x34\x6e\x8d\xbe\x83\xbf\xff\xf6\xfb\x80\xbc\x1d"
	"\x5e\x9e\x37\x87\xc7\xbb\xcd\xd3\xd3\xaf\xc1\xb7\xed\x6e\xbb\xdf"
	"\x1c\xb6\xf7\x83\x87\xc7\xa7\xed\xff\x0d\x42\x3e\x48\xb9\x1a\xd0"
	"\x90\xa9\xcf\x80\x1c\x3f\xee\xde\x7e\x7e\xd9\xec\x9f\x4f\xa7\x83"
	"\xe9\xe7\xd1\xc5\xe7\xc9\xf8\xe4\x7f\xc6\x83\xe5\x76\xbf\xdb\x3e"
	"\x0d\x82\x97\xdd\xc3\xe3\xb7\x37\xe8\xff\xf8\xb2\xfb\xed\xf7\xdf"
	"\xe0\xcf\xef\xd0\xf8\xfc\x1d\x48\xed\xff\x35\xb8\x7b\xda\xec\xbe"
	"\x0d\x7e\x6c\xf7\xaf\x00\x1e\x40\xe7\xd1\xe7\xb3\xc1\x3f\xfe\x3c"
	"\x1c\xbe\xbf\xfe\xeb\xcb\x97\x6f\x8f\x87\xa7\xcd\xd7\xcf\x9b\xfd"
	"\xdd\x9f\x4f\x38\xca\xe7\x97\xfd\xb7\x2f\xf5\xaf\x2f\xdf\x37\x77"
	"\x7f\x6d\xbe\x3d\xee\xbe\x95\xff\xda\xbe\x7e\xd1\xf4\x3e\x43\xbf"
	"\xc1\xd7\x93\xc9\xe9\x68\x7c\xfe\xf5\x7e\x7c\xb1\x39\x9f\x6c\xc6"
	"\xa7\x77\xc3\xcd\xe6\xe1\x7e\x33\xba\xb8\x98\x8e\x2f\x2e\x4e\xbe"
	"\x4e\x86\x0f\x77\x27\x0f\xf7\xff\x84\x19\x05\x3c\x8d\xd8\xbc\x98"
	"\x07\x41\xb1\xa2\x42\x32\x9e\x5e\x0e\xab\x46\x68\x63\xb2\x08\x62"
	"\x92\xce\x2f\x7f\x55\x8d\x71\x88\x8d\x71\x1c\x36\x4d\x1a\xa3\xee"
	"\x3e\xba\x18\x8e\x86\x67\x35\x3a\xe0\xfb\x21\x40\x7d\x41\x64\x41"
	"\x64\x52\xcc\xb9\xe2\x0d\x39\xc5\x79\x2c\x0b\x99\x67\x19\x17\xaa"
	"\x10\x34\x16\x0d\x8c\x89\xab\x62\xcd\xc5\xb2\x69\x99\xe5\x2c\x0e"
	"\x15\x4b\x68\x41\xaf\x15\x99\xc5\xb4\x90\xd0\xcd\xa2\xb6\x10\x94"
	"\xc0\x9c\xd3\x88\xc3\xff\x0a\x45\x24\x76\xd6\x67\x31\xd7\xa7\xfb"
	"\x34\x78\xdd\x1e\xde\xbe\x37\x7b\xc1\x52\xa6\x0a\x9a\xae\x0a\x22"
	"\x60\xfe\x2c\x61\xea\x72\x32\xc6\xa3\x2b\xe7\xcd\x93\x8c\xc1\x30"
	"\x8a\x4a\x35\x78\x7c\x1d\xec\x5e\x0e\x48\xa1\x5e\x30\x0f\x48\x5c"
	"\xad\xf8\x13\x99\x4c\x7f\xfe\x91\x71\x45\x14\xff\x23\xe1\xe1\x1f"
	"\x4b\x2a\x52\x1a\xff\xf1\xf5\xd7\xe5\xcf\xfb\xfb\xed\xe6\xf0\xe7"
	"\xe9\xc5\xa7\x86\xb4\xdd\xb7\x20\xb9\xe2\x1e\xfa\x7a\xbd\x85\x24"
	"\xb1\xba\xfc\xf4\xa9\x6a\x5c\x90\x15\x2d\x0c\xed\x62\x7e\xcb\xb2"
	"\x66\xf9\x36\x24\xbe\x9d\x36\x00\x17\xbb\x9e\x42\x83\xea\x19\x3b"
	"\xa4\x11\xc9\x63\x55\x2c\xb8\x54\x29\x49\xe8\xe5\xa7\x7f\xec\x5e"
	"\x76\xdb\x7f\xd6\xf3\x90\x6b\xe2\x50\x93\x37\x72\xc5\xb2\xc0\x26"
	"\x55\xc3\x32\x2e\xd9\x75\x91\x5c\xe5\x34\xa7\x9e\xb1\x02\xc1\xa5"
	"\x2c\x12\x9a\x70\x71\x53\x10\xa5\x48\xb0\xb0\x29\xe7\x92\xc6\x6c"
	"\xe6\xe9\x47\x72\xb8\x9c\xad\xf5\x13\x11\x2c\x0c\x00\x26\x04\x5b"
	"\x1c\x37\xf0\x23\xad\xc5\x9a\x28\x3d\xa8\xd3\xa8\x04\xa5\x15\x03"
	"\x01\x37\x0e\x5e\xdf\xbe\xbe\xfe\x7a\x3d\x6c\x9f\xad\xcb\x44\x53"
	"\x2a\x58\xa0\x99\x35\x13\x7c\x46\x1b\x1a\x36\x48\x2e\xf8\xba\x1f"
	"\x52\xc4\x74\x45\x63\x3f\x9c\x46\x11\x0d\x14\xc3\x95\x45\x51\x91"
	"\x18\x96\xf6\xe0\x25\x6c\x2e\x88\x42\x46\xb4\xf6\x43\x84\x00\x82"
	"\xfb\xb5\x86\xab\x25\x69\x1a\xba\x97\x2b\xe4\x09\x61\xa9\xaf\xad"
	"\x58\x30\x2a\x70\x27\x6f\xba\x83\x25\x92\x21\x66\x2f\xa0\x43\x76"
	"\x41\xd2\x10\xee\x50\x49\xd9\xe9\x8a\xe8\x11\x17\x01\x0d\xcb\xbb"
	"\xcb\x6c\xf1\x23\x33\x22\x24\xf5\x0f\xa6\x97\x0c\xfc\xc9\x4a\xf2"
	"\x96\xdc\xd0\x1c\x10\xc0\xfd\x5a\x4a\x9e\x03\xed\x22\x24\x8a\x74"
	"\x29\x68\x39\xb2\xea\xb0\x43\x05\xd6\x04\xe0\x58\x52\x25\x5b\xa4"
	"\x51\x92\x29\x16\x2c\x8b\x99\xe0\x24\x0c\x88\x54\x47\x7b\x3b\x68"
	"\x9a\x95\xd4\xe3\x33\x68\x02\x1f\x37\x69\xb2\x3c\xa5\xc0\x14\x16"
	"\xd1\x94\x17\x8b\x5b\x94\x45\x89\x3e\xdd\xfa\x5e\x40\x63\x06\xa3"
	"\xf1\x90\x05\x9e\xcb\x61\x7a\x31\xd8\x1b\xbb\x8f\x69\x8d\xf2\x38"
	"\xee\xeb\x62\x1d\x1c\x9b\x2f\x90\x71\xf4\x56\x09\x69\x93\xc9\xe0"
	"\x66\x24\x99\x82\x1e\x29\xf5\xdf\xf8\x12\x61\xc5\xe3\x3c\x55\x44"
	"\xdc\x78\x86\x2b\x71\x9a\x01\xab\x4e\x01\x87\x3e\xd5\x6e\x05\x59"
	"\xfe\x45\x6d\x5e\xff\x1a\x1c\x60\xdb\x06\x9b\xdd\xfd\xe0\xf5\xb0"
	"\x39\xbc\x0e\x36\x77\x77\x2f\x6f\xbb\x03\xe8\xc5\xd6\xfe\x41\x87"
	"\x82\x04\x9a\x86\x61\xa7\x7a\x52\x2b\x06\x4a\xc6\x05\xe3\x89\x79"
	"\x17\x80\x0c\xa6\x59\xa4\xc1\xf5\xe2\xcd\x64\x88\x17\x3f\xa0\x20"
	"\xc1\x00\xd5\xa7\x26\x50\x0f\x49\x50\x0b\xce\x0e\x62\x23\x08\xd9"
	"\x98\xdc\x1c\xeb\x56\x5c\x23\xd0\xd2\x70\xd8\xc6\xb8\xbb\xbe\x6a"
	"\xf7\x24\x73\x8e\x08\xae\x63\x25\xc4\x43\x26\x51\x5d\x86\x3e\xd9"
	"\x0b\xdb\xc1\x24\x8f\x2b\xd9\xa1\xf7\x5c\x04\xf9\x40\x76\xd9\xb3"
	"\x3a\x1f\x00\xdb\x23\xc1\x4f\x50\xc8\xc0\x8a\xbe\x55\x48\x83\x5c"
	"\xcd\x1f\x28\xb4\x9b\x70\x77\x0a\xa7\x09\x09\xc2\x86\xc5\x71\xc3"
	"\xf4\x16\x24\xa5\x20\x2e\x24\x9d\x07\xb3\x98\xd9\x77\xcf\x68\xcb"
	"\x19\x4b\xc7\x81\x25\x61\x96\xe6\x1f\xdd\x16\x7d\x6a\x76\xf3\x02"
	"\xe4\x0f\xb2\xf9\x73\xa3\xde\x91\x68\x04\x22\x9a\x45\x0a\x2c\x1a"
	"\xbb\x1d\xb7\x2d\x21\xd7\x36\x7c\xdc\x6c\x13\x4b\xd5\x12\xf4\x76"
	"\x44\xdb\x34\x26\x6d\x41\x21\x83\x05\xac\x46\x8b\x8b\x6a\xf3\xe5"
	"\xdd\x9f\xdb\xfb\x37\xb0\x1b\x07\x0f\x60\x35\xbc\xed\xb7\xaf\xcd"
	"\x09\xe4\x60\x7f\x25\x59\x65\xd9\xb8\x8d\xb3\x1c\x44\x0e\xc8\x1b"
	"\x73\x7b\x4e\x2c\x4e\xa0\xa8\xc7\x49\x1c\xc5\x0c\x66\x34\x19\xfb"
	"\xae\xa2\x83\x32\x3a\x75\x18\xc9\x81\x9d\xfb\xf4\x30\x8a\xc5\xd2"
	"\x88\x93\x45\x9a\x27\xa4\x98\x11\x30\x14\x03\x87\x3f\x5d\x2c\xd8"
	"\x22\xb0\x5b\x2d\xc3\x72\x2e\x78\x9e\x59\xb2\x36\x23\x73\x6a\xd6"
	"\x62\x0b\x77\x30\x12\x82\x79\xeb\x67\x65\x8a\x74\xda\xc0\xb2\xd3"
	"\x6c\xdf\x86\x69\x95\x83\x66\x45\xb1\x4a\x34\x62\xc6\x40\xe6\xca"
	"\x36\xda\x12\xfe\xb2\xd8\x2b\x5e\x96\x93\xb4\x37\x27\xa4\xb3\xdc"
	"\x86\xf9\x6e\x98\x06\x14\x6b\xc1\x14\x9d\x91\x60\xd9\x5e\xb3\xe1"
	"\x81\xa6\x35\x22\x4c\x14\x2e\xa4\x31\x48\x23\xd0\x27\xa0\xf0\xd6"
	"\x2c\x54\x0b\xaf\x3c\x02\x09\x67\xf5\xf5\x4c\xc7\x62\xa1\xa2\xb3"
	"\x9c\x72\x46\x19\x0b\xa5\x97\x7a\x09\x17\x61\x42\xfa\x57\x1a\xc1"
	"\x25\xbf\xb5\x0f\x0d\x2e\x8b\xa4\xb6\x1e\xc5\xab\x87\x83\x94\x10"
	"\xcf\x0c\x42\xba\x62\x01\xed\x1f\x03\x3a\x96\x92\xb1\x33\x77\x2a"
	"\xa2\xfe\x7e\xb3\x2c\xf2\x8e\x06\xa7\xe8\x13\x5e\x3c\x58\xd6\x38"
	"\x8e\x15\x81\x26\x31\xd8\x27\x20\xf6\xad\x7b\x88\xcc\x2f\x5b\x96"
	"\xab\x80\x26\xdf\x85\x83\xc5\xa7\x56\xdf\x94\xaa\x56\x5f\x38\xbe"
	"\x60\x99\x71\xb8\x27\xa8\x83\x15\x17\x7e\x45\x6b\x04\x08\x3a\x10"
	"\x7d\xfc\x67\x30\x54\x9e\xd2\x96\xb9\x0e\xbc\x14\x52\x90\xe9\x01"
	"\x51\x2e\xa7\x34\xcc\x84\xfa\xc9\xe7\x98\xc4\xa8\xbb\x56\xda\x7d"
	"\x12\xb6\x55\x89\xbf\x49\x02\x84\x8d\xe9\x65\xb9\x2d\x22\xec\xf8"
	"\x1f\xd0\x34\x83\xa6\xb1\x7f\xe8\x10\x1c\x13\x97\xcb\x6c\xd8\xf5"
	"\x6d\x7f\x2f\xde\x0f\xf2\x79\x3a\xe0\x9c\xf2\x0c\x54\x3d\xbb\xa5"
	"\x28\x19\x34\x03\x71\x91\x80\xf8\x72\x36\xac\x8d\x26\xe1\x1f\xbe"
	"\xdd\x06\x83\x52\xc5\x2d\xa7\x24\x67\xa1\x96\xa9\x0e\x0e\xe8\xcc"
	"\x80\x66\xa8\x76\x41\x2d\x92\xc0\xf2\x1c\x0c\x93\x96\x3f\x8c\x66"
	"\xb5\xb8\xcc\xa5\xa5\x8d\x60\xe4\x33\xe7\x70\xe7\x54\xa1\xab\x50"
	"\x94\xe6\xad\x7f\x9e\x78\x4c\x6d\xf3\xb7\x9c\x5a\xd3\x5e\xd3\x8c"
	"\x8c\xa1\xed\xe3\x65\xed\xdd\xd5\x46\xa2\xa3\x05\xdb\xbf\x8b\x34"
	"\x61\xb6\xca\xb6\x64\x39\x8d\x23\x90\xf7\xc2\xde\x07\x02\x22\x1a"
	"\x6d\x55\x4b\x38\xe6\x8a\x5e\xb7\x7e\xc2\x65\xb2\xa8\x64\xdc\x59"
	"\x0f\x9b\xa7\xa0\xba\x2c\x1e\xd5\xf3\xb4\x1b\xb4\x99\x6e\x37\xc8"
	"\x85\x23\xf8\x09\xb3\x02\x16\x24\x5c\x31\x98\x54\xb9\x3f\xae\xca"
	"\x98\x11\x21\x98\x2d\xf7\x96\x88\x72\x93\xc8\x6e\x4b\xd1\xda\xdc"
	"\xba\x5d\x2f\x19\xaf\x1d\xba\x7c\xbe\x9b\x97\x45\xdd\x43\xc3\xc6"
	"\x7f\x83\xbf\x4a\xe2\x35\xb9\x91\x85\xeb\x25\x20\x30\x4f\x61\xf7"
	"\x57\xb5\x39\xc8\xa3\xc8\x7b\x45\x90\x8d\x34\x46\x14\xf6\x69\x79"
	"\x74\x7e\x9a\xa5\xc2\x54\xd2\xa0\x75\x68\xe0\xb2\x5d\x75\x35\x24"
	"\xb6\x7a\x68\x02\x25\x1a\x86\xb6\xf6\xd3\xf7\x05\xaf\x60\x51\x3b"
	"\x5f\x8d\x25\x12\x8c\x86\xce\x0d\xd6\xf6\x12\xfd\x79\xd8\xee\x74"
	"\x60\xed\xb5\x6d\x39\x55\x91\xb8\x44\x2d\x2d\xe0\xb6\xea\xd0\xd8"
	"\x55\x09\xda\x6b\x5a\x4e\xd2\x6b\x45\x53\xe9\xf8\xd1\x08\x44\x3f"
	"\xaa\x34\x6a\x28\x98\x15\x0b\xfc\x3b\xa1\xa9\x72\xb1\x0c\x09\x86"
	"\x26\x0b\xcf\x7c\xa0\x78\xf6\x5e\x67\x2d\x0a\xec\x7b\xd4\x80\xd0"
	"\xe6\x04\x71\x1d\x39\xf6\x50\x0d\x9d\x55\xee\x81\x89\x04\xd4\x81"
	"\x8b\x32\x42\x99\x6d\xf7\x0f\x2f\xfb\xe7\xcd\xee\x6e\x3b\xa0\x3f"
	"\xb6\x3b\xf0\xa0\x08\xf8\x52\x01\xfa\x50\xe0\x8d\x5a\x46\xbe\x7f"
	"\xef\xcd\x31\x6a\xa0\x31\x9c\x80\x03\xb9\xcf\xef\x04\x93\x4a\xf7"
	"\xae\x6c\x37\x6b\x29\x32\xce\x67\x86\x90\x23\xac\xb0\xb5\x34\xda"
	"\xb4\x50\xe2\xa9\x4f\x4a\xf3\x24\x23\x0a\x9c\xe9\xa5\xdb\x97\xf8"
	"\x02\x43\x48\xd2\x45\xe3\x7e\x34\x82\x23\x0b\x30\x34\xcb\xab\xd1"
	"\xa6\xad\x6d\x19\x74\x33\x0a\x01\xd2\x8f\x27\x7e\x15\xec\x20\x62"
	"\xd4\x05\x8c\xfb\xb0\x67\x5a\xe6\x14\x89\x50\x8c\xb8\x62\x57\xd1"
	"\x44\xdb\x18\x18\x42\x65\x11\x0b\x5a\xc1\x1c\x30\x99\x22\x16\x3b"
	"\x06\xb5\x66\x15\x6d\x21\x38\x21\x8a\xe4\xd4\x0a\xfd\x9d\x4e\x67"
	"\x76\x88\x2c\x49\xf2\x16\xaa\xb1\xb3\xdb\x2e\x8c\x01\xc1\x0f\x55"
	"\x82\xa6\x8e\x14\x48\x12\x30\xae\x45\x8a\x4c\x07\x36\x4f\xc2\xd2"
	"\xcb\xd1\xf9\x31\x04\x72\x7d\x39\xee\xa1\x50\x9d\x6b\x4d\x68\xf4"
	"\x01\x3c\xa0\x37\x3a\xb5\xa2\x16\x8c\xeb\xf8\x71\x62\xbb\x01\xe0"
	"\x40\x06\x4b\xbd\x45\x95\xd3\x61\xd9\x29\x71\x4c\xe7\x24\x2e\xf4"
	"\xe6\x81\x18\x5b\x91\x38\xa7\x97\xc3\x9f\xf7\xdb\xcd\xfd\xd0\xfa"
	"\xcf\x0a\xf4\x2e\xc1\x54\xea\x12\x32\xf4\x99\xb8\x8a\x62\x32\x97"
	"\x5d\xb8\x58\x4b\x38\xd6\xeb\x60\x31\x27\x21\x58\x69\xf1\x9c\x83"
	"\x17\xb0\x48\xba\x01\x23\x47\x13\x5a\x8d\xb5\x2e\xa8\xe6\x2a\xbb"
	"\x68\x8b\x35\x65\xf3\x85\x2f\x0a\x25\x73\xcf\x50\xa0\x3b\xd8\x0c"
	"\x25\x84\x09\x3f\x34\x08\xb7\x3c\x85\xb6\x84\x4c\xc6\x2d\x71\x5c"
	"\xf5\x9c\xe7\xf6\xfe\x26\x59\x27\xc2\x9c\xf0\x90\x82\x29\x6b\xf3"
	"\x6d\x04\xa6\x01\x25\x22\xbe\x81\xdf\x85\xa3\x57\xb3\xb9\x89\xe1"
	"\xeb\xe0\xa7\xbc\x9c\xf8\xfd\xc4\x5c\x47\x55\xdb\x31\x38\xed\x40"
	"\x2c\x51\xf1\x14\x60\x00\xd4\xb1\xa2\xec\x69\x73\x40\x29\x07\x97"
	"\xee\x69\x7b\x57\xe6\x62\xea\x7b\x6a\x42\xc3\x01\xde\x2b\xbf\x77"
	"\x53\x8e\x9c\x5e\xb3\x7e\x30\x89\xd1\x59\xec\x87\xcf\x82\x64\x7c"
	"\x3e\x39\x39\x8a\x50\x30\x9c\xff\x11\x14\x2a\xe0\xa6\x1f\x81\x8b"
	"\x20\x91\x6a\xd6\x8f\x40\xaf\x6f\x52\x7e\x64\x8d\xcb\x49\x3f\x0c"
	"\x58\x02\xb8\x2c\x20\xd9\x91\x45\xc6\xf3\xd1\xb2\x1f\xba\x60\x92"
	"\xf5\xd9\x0f\x09\x0d\x19\xb0\x9e\x23\xc4\x13\x82\x00\x75\x7a\x36"
	"\xb9\xf0\x12\xad\xe1\xa7\xa3\x77\xe0\x27\xef\xc0\xcf\x8f\xc3\xcf"
	"\xde\xa1\x7f\xf6\xce\xfc\xce\xdf\xe9\x7f\x7e\x7c\x7e\xe7\xef\xc1"
	"\x27\x93\xe3\xf0\x93\x77\xe0\x67\x13\xcf\xb1\x34\xd0\x33\xdf\xa1"
	"\x9c\x5f\x1c\x25\x7a\x3e\x3a\x7b\x07\x7e\x71\xe4\x2e\x80\x0f\xcd"
	"\x8f\xf0\x79\xb2\x02\x5b\xa1\x1f\x7c\x15\xf4\x28\x64\x0d\x15\x94"
	"\xc4\xc0\x68\x47\x10\x40\xa8\x07\x0b\x96\x1d\x11\x05\x94\x28\x15"
	"\x1f\xb9\x07\x60\xfe\x5e\xe5\x68\xaf\x1d\x9b\x46\x4a\x25\x39\x26"
	"\x6f\x14\xe6\x6d\xae\x47\xc3\x7e\x14\x45\xc1\xa2\x3b\x42\x21\x13"
	"\xe1\x91\xce\x8b\x3c\x0d\x8f\xcd\xb0\x44\x18\xf7\x63\xe4\x29\xcb"
	"\x30\x23\xd4\x8f\xb1\x02\x2f\x55\x50\x79\x64\x99\xd7\xa8\x44\xfa"
	"\xc1\xb7\xd7\x47\x60\xb0\xcb\x49\xd6\xb1\xfb\x67\x6f\x98\x43\xf9"
	"\xfe\xfd\x65\x7f\xb0\xa5\x7c\x16\xb0\x0e\x2a\xb6\xd1\xdd\xfd\xf7"
	"\x97\xc7\x5d\x1b\x17\xec\xf1\x50\xab\xd6\x4e\xa7\xd2\x70\x8e\x9a"
	"\x20\xac\x6e\x06\xd3\x68\xb0\xdd\xef\x37\x87\xcd\xe0\xef\x97\xfd"
	"\x5f\x9b\x3d\x58\xd0\xf7\xaf\x83\x1f\x8f\x9b\xc1\xe1\xcf\xed\x60"
	"\xf3\x04\xe6\xf4\x6e\x73\x78\xfc\xb1\x7d\x1d\x3c\xec\x37\xcf\x5b"
	"\xc4\x6a\xcc\x6b\x63\x59\x51\x01\x87\x9e\x27\xc5\xf9\xf8\x74\x32"
	"\xba\x68\x9b\x64\x0d\xf4\xec\x28\x74\x3a\x3c\xed\x87\x8e\x2e\xa6"
	"\x67\xe3\x5e\xe8\x64\x3c\x3c\x3b\xe9\x85\x4e\x4f\xce\x8e\x8c\x3b"
	"\x9d\x4c\xfb\xa1\xa3\xe1\x78\x7a\x36\x3a\xef\x05\x4f\x4f\x27\xe3"
	"\x71\xef\xc8\xa3\x93\xe9\xf8\x18\xf1\xb3\xe9\x78\x78\xd1\x4b\x1c"
	"\x36\x6b\x3a\x39\xb7\x82\x23\x01\x59\x31\x68\xaf\xe0\xe3\xf1\xc4"
	"\x5e\x74\x1b\x3a\x81\xd1\xfb\xa1\x67\xd3\x93\x7e\xca\x93\xe1\x68"
	"\x64\x51\x46\xc9\x54\x44\x24\x5e\x72\x61\x6d\xcc\x70\xf2\x2e\xc6"
	"\x45\x0b\xe3\x2a\x8c\xe0\x94\x87\x35\xca\x70\x78\x6a\x0d\x23\x79"
	"\x00\xb6\x0c\xd8\x3f\x8d\x20\x42\x07\x91\xd9\xfe\x00\x2a\xe3\x98"
	"\xa1\xf1\x55\x0f\x73\x3a\x3a\x1d\x0e\xcf\x87\xe3\xe3\xb3\xa1\xe0"
	"\x6b\x8f\xda\x3b\x3d\x5d\x6a\x7f\xc1\xf1\x0c\x0d\x64\x74\x5a\x82"
	"\x7a\xee\x31\xe2\x9c\x4e\x3d\x38\x0e\xc6\x8a\x18\x0b\x7f\x72\xd1"
	"\x1d\xa1\x82\x4d\xcf\xdf\xeb\x7e\x39\xb9\x68\xfb\x38\x55\xd7\xae"
	"\xf7\x63\x7a\x4c\xcf\xad\x48\x1f\x78\x68\xe8\x4d\x83\x64\x60\x24"
	"\xed\x8d\xa8\x26\x81\xe3\x2d\xea\x36\x99\xf8\x72\x60\xa9\xd0\x81"
	"\xee\xcb\xda\x47\x5a\x70\x95\xc5\xb9\x1e\xa9\x65\xd8\x02\xea\x3c"
	"\x63\xfc\x72\x7c\x72\x6a\x25\x6d\x73\x6f\xb8\x7d\xc1\x63\x8a\x89"
	"\x14\x6d\xb8\xb7\x12\xc3\xc0\x4b\xbe\x1e\xb7\xc5\xf8\x64\xd8\x42"
	"\x9d\x0c\xfd\xaa\xc7\x50\xf1\x93\x81\xf9\x0d\xdd\xdd\x58\x08\x4c"
	"\xbe\xf6\x65\x7b\xca\xe8\x01\x9c\xbd\x0e\x1b\x78\x32\xea\x66\x31"
	"\xa6\x06\x04\xdd\x88\xb8\x4d\x4a\x17\x03\x00\xbc\x4c\xea\xf4\x82"
	"\x1b\x4f\xde\x55\xe5\x31\x0d\x54\x55\x63\xe2\x1b\x00\x3c\x38\xe5"
	"\x23\xdf\x54\x95\x64\x51\x8a\x9e\x22\xb3\xa3\x55\xeb\x56\xbc\xa4"
	"\xf1\xe7\x9b\xc5\x2f\xf2\x39\x55\xf1\x2c\x6a\x3b\x31\x6b\x02\xee"
	"\x35\x02\x8b\x2c\x01\xd6\x59\x10\x41\x3d\x1b\x13\x80\x21\x05\x4e"
	"\x12\x38\x1d\x3a\xe4\x6c\x89\xa0\xc0\xcc\x0d\x3a\x86\x7c\x8d\x6e"
	"\x5d\x6c\x9c\xde\x36\x8f\x83\x4b\xa7\x63\x36\x8c\x7b\xdc\x7f\x04"
	"\x6a\x00\x78\x36\x6c\x9e\xea\xb0\x54\x7d\x7b\x24\x0d\xd0\xef\x76"
	"\x62\x70\x44\x10\xcc\xa3\xfb\xb3\xfe\x25\xf0\x43\x99\xf3\x25\xbd"
	"\xa6\x7e\x27\x28\x10\x44\x2e\x8a\x30\x4f\xfc\xb6\xd9\x35\xf5\x5d"
	"\x4a\x93\xd4\xc3\x9c\x2c\x5e\x07\x2e\xc0\xa4\xc1\x60\x42\x13\xdc"
	"\x4c\x31\x94\x50\x3a\xaa\x44\x15\x34\xee\x61\x7b\x1d\xbf\x01\x1f"
	"\x8b\xa4\xda\xd1\x04\x87\x25\x50\x5c\xf8\xae\x81\xc1\xa4\xf1\x18"
	"\xec\x1f\xc4\x69\x87\x61\x0a\x29\x67\x76\xf2\x91\x29\x36\x47\xbf"
	"\x5b\x66\x80\x0e\xae\x6b\x39\x06\x88\x68\xe8\x7c\xd3\xee\xac\xc8"
	"\x7c\x8e\xa9\x9d\x30\x14\x05\x99\x31\x07\xbc\x3a\xb7\x52\x37\x16"
	"\xdb\xad\xb3\x82\x26\x79\xdc\x8a\x1d\x05\xd9\xe8\xa4\xa8\x42\xb6"
	"\x1e\xb8\xa4\x0a\x64\x9d\x0f\x52\x2e\x63\x5d\x28\x35\x13\x43\x38"
	"\xdf\xba\x44\x00\x20\x3f\xce\x3f\x8f\x06\x58\xa7\xf8\x78\x00\x67"
	"\xfb\x0d\xcb\xeb\xba\x19\x6b\x43\x01\xee\x09\x89\xc2\x59\xd2\x15"
	"\xbf\x9d\xc1\x62\xe0\x54\xa2\x78\xc2\x82\xce\x76\xae\x16\xd4\x1d"
	"\x7e\xfc\xc1\xe1\x73\xc2\xbb\xfa\x24\x83\xdb\xde\xab\x49\x80\x03"
	"\x31\x14\xdc\xdd\x8a\x15\x6d\x37\x81\x30\xc9\x63\xb8\xc3\xb1\x2d"
	"\x00\x04\xc5\x02\x3f\xe5\x8a\x12\x13\x43\xc4\x04\x12\x86\xf9\x7d"
	"\xed\x25\x2d\x41\xe7\x98\x16\x2a\x53\x1f\xc6\xda\x7d\x81\x69\xbe"
	"\x7c\xc7\x98\x86\xb5\xbc\x20\x09\x51\x32\x5c\x7e\xba\x83\xe6\x97"
	"\xa7\xed\xe5\xe1\xf0\x6b\x38\xb0\x7e\x24\x6a\xf2\xbf\x17\x63\x54"
	"\xf8\xbb\xd1\x60\x0f\x34\x2e\xbf\xdc\x6f\x7f\x7c\x01\xbb\x74\xf0"
	"\xe3\x79\xf3\xf4\xf4\x72\x77\x39\xbd\x38\x4d\x06\xaf\x4f\x6f\x5f"
	"\x8b\xe7\xcd\xcf\xe2\x65\x7f\xbf\xdd\x5f\x0e\x07\x9f\x5a\x43\x14"
	"\x91\x00\x1b\x61\xc6\xb9\x8a\x39\xd6\x49\x38\xa9\xb1\x12\x45\xc7"
	"\xce\xfd\xae\x48\x4d\x05\x6f\xa9\x17\x83\x46\xac\x37\xec\x6b\x05"
	"\x9a\x74\x4a\x75\x41\xe3\xcc\x84\xc2\x8c\x79\xff\xf2\xf7\x76\x3f"
	"\x78\xde\xec\x36\xdf\xb6\xcf\xdb\x9d\x67\x9f\x64\x0e\x77\xce\xae"
	"\x7f\x2b\x1b\xac\x5c\x75\xa3\xc9\x4b\x90\x5c\xb2\x4c\x27\x38\xbc"
	"\xc2\x46\x91\xb2\x5e\xd4\x56\xa6\x6c\x06\xe2\x45\x5f\x21\x5f\x9a"
	"\x2c\x29\x64\x4c\xa9\x15\x35\xab\x5a\xca\x58\x5a\x23\x46\x13\x9d"
	"\xd0\xd5\x30\x3f\xa1\x35\x59\x52\x5d\xe1\xe6\x10\xab\x5b\xcb\xa9"
	"\x8d\x9a\x08\xa6\x03\x9d\x07\x76\x37\x87\x44\x27\x3a\x8f\x73\x09"
	"\x57\x98\xb1\x08\xbb\x69\x72\x1b\x0b\x6b\x64\xab\xbd\x3b\xb2\xfa"
	"\xee\x08\xa1\x9e\x9b\x0a\x16\x21\x9f\xfb\x3b\x06\xf1\xd2\x99\x64"
	"\x15\x8f\x34\x25\x85\xd6\x1e\xac\xaf\x8a\x8c\xaf\x51\xc8\x45\x11"
	"\x0b\x18\x66\x21\x3a\xe6\x40\xb7\xbf\xe7\x58\xda\x18\x3c\x72\xaa"
	"\x19\x9c\x5d\x43\xd4\x79\xc7\xa6\x00\xd5\x69\xb0\x1a\xbe\xd2\x2d"
	"\x26\x93\xd4\x57\x70\x50\xc6\xcf\x6a\x36\xc2\xdc\xaa\x64\x1e\x73"
	"\xa7\xe4\x51\x0b\x5c\x15\xcb\x95\xb7\x21\xa9\x6f\x43\x5d\x8e\x0e"
	"\x30\x76\xff\xb4\xb5\xa4\x07\xd6\x7e\x85\x36\xf1\xaa\xc5\xa4\x95"
	"\x33\x9c\xa9\x60\xab\x56\xf1\x5f\x8d\x34\xe7\xab\x22\x06\xfd\x44"
	"\x45\x5f\x61\x59\x85\x05\x66\x45\xde\x4b\x42\x51\x7f\xc6\xde\xa5"
	"\xa0\x96\xef\x0e\xa2\x96\xfd\x03\xa5\xbc\x87\x44\xa8\x0c\x02\x56"
	"\xe8\x51\x69\xe9\x97\x7a\xc3\x06\xe1\xfe\xf1\x87\xc9\x91\xd9\x2a"
	"\x04\x69\xb3\xb0\x37\x3c\x94\xe8\xf9\x9c\x8f\xae\xaf\x7d\x88\x2d"
	"\xb4\x94\xae\xcb\xba\x55\x83\x6a\x9f\x67\xb4\xdf\xfe\xe7\x6d\xbb"
	"\xbb\xfb\x35\x78\xbd\xdb\x3c\x39\xf5\x8e\xb8\x3a\x90\x60\x57\xee"
	"\x01\x62\x8b\xde\x10\xa2\x94\x28\x4c\x7d\x8d\x0f\xdc\x2e\xae\xab"
	"\x81\xb8\x15\x9e\x66\x34\xea\xa4\xa7\xbd\x92\x83\x9d\x76\x15\x77"
	"\x65\x64\x0d\xad\x92\xd1\x38\x13\xab\xe4\xa2\x97\x13\xba\x9d\xf0"
	"\xa6\x4b\xb2\xfa\x2f\xba\xa0\xf2\xd0\x55\x3b\x1f\xef\xc2\xd3\x90"
	"\xc2\xc4\xc2\x8f\xf7\x00\x18\x0c\xb3\xea\xcb\xe0\x7b\xfb\x68\x1f"
	"\x2a\x57\x2c\xee\x39\x2a\xb7\x26\xc5\x8b\x51\xed\x46\x0f\xbc\x5e"
	"\x7a\x0f\xbc\x5a\xa7\xf7\xac\xfe\x9b\x65\xb5\x97\x53\xf3\xf1\x43"
	"\x9b\x8f\x07\xf7\xdd\x7b\x05\x88\x66\x73\x54\xdf\x86\x1b\x70\x9e"
	"\x24\x37\xbd\x17\x0f\x9d\xf7\x98\x61\xe8\xb6\xea\xd0\x7f\x47\xcb"
	"\x7c\xc4\xbb\x88\x52\x66\xc9\x51\xa4\x2b\x2e\xd8\x95\x0f\x43\x2f"
	"\x2f\x7a\xdc\x3f\xff\xbd\xd9\xdb\xb2\xc4\x22\x9e\xc9\x80\x15\xd1"
	"\xba\x65\xa3\x9a\x66\x5d\x07\xd6\x1b\x7b\x85\x89\x05\x09\xc3\x7c"
	"\x98\xe2\x01\x8f\x8f\x60\x65\x1f\xc1\x0a\xa9\xa9\x5e\x88\xfa\xee"
	"\x48\xc4\x44\xb2\x06\x47\x15\x3d\x69\xf0\xa7\xbc\x5e\x91\xf6\x97"
	"\x81\x58\x12\x04\x4e\x88\x64\xce\xf9\x1c\x8e\xa4\x22\xd1\xd9\x23"
	"\xb5\xfd\xb6\xdf\x0c\x1e\xaa\x9d\x32\xdc\x61\x33\x07\xba\x96\x39"
	"\xb8\xa9\xb7\x7d\x26\x56\x99\xb6\x16\x37\x99\xfd\xc8\xc8\xfc\x46"
	"\x3f\x79\x7c\x72\x5a\x27\xc8\x2d\x6f\xb3\x02\x9f\x8c\xc6\x06\xec"
	"\x7d\xa3\x52\x61\x8d\xaa\x61\xa8\x77\x08\x1b\x7a\x6c\x8c\xa2\x4f"
	"\x0a\xd5\xa8\x93\xee\x64\x3a\x58\xc9\xe4\x63\xd4\x92\xe9\x87\xf0"
	"\xe6\x0b\xf4\xbc\x3f\x82\x19\x88\x60\xe2\x5f\x89\x8b\x47\xa8\x6c"
	"\xd7\x24\xb4\x21\xfe\xbd\xb2\xc1\x45\x10\x24\x1f\x18\x02\x31\x67"
	"\xf1\xf2\x28\x31\xcc\x4e\x23\x52\x3f\xb9\x60\x41\xe0\xcf\x78\xd8"
	"\x4a\x64\x97\xd0\x8c\xc7\x37\xa3\xc9\xf0\xa4\x82\xf6\x8f\x34\x93"
	"\x1d\x0e\xaf\x5e\xa1\x59\x5e\xeb\xf6\x8f\xfb\xed\xf7\xed\xee\xde"
	"\x75\x5b\x9a\x20\x89\x49\x7f\x7b\x4f\xe2\xdf\x79\x92\x81\xfd\x35"
	"\xa3\xbe\xfa\xbe\x4e\xde\x5c\xdf\xcb\xc6\x2e\xce\x53\x1d\xef\xc1"
	"\x00\x43\x10\x38\xc5\xcf\xe6\x19\x99\xb7\xfb\x52\x50\xe5\x05\x38"
	"\x55\x7d\x4d\xc4\x4c\x97\x47\x2c\x38\x5f\xb6\x80\x18\x74\xc2\xe2"
	"\x12\x36\xcf\x79\xee\xa9\x68\x00\x7f\xc8\x18\x65\xe6\x55\x90\xe7"
	"\xf9\x0f\x02\xb1\xd2\x0f\xcd\x1b\xbb\x2a\xa1\x0e\x9b\x81\xba\x54"
	"\x2c\xba\xa9\x0a\x51\xbb\x08\xd0\xb1\x0c\x07\x7a\x67\x6e\x9e\x12"
	"\x4a\x25\xf2\x40\x15\xeb\x05\x53\xd4\x7d\x6d\xa0\x51\xc1\x4f\x87"
	"\xd3\x46\x5f\x11\xe3\x6e\xe5\x4e\x16\x24\x6b\x6f\x46\x59\x13\x67"
	"\x37\x39\x3e\x8d\x6e\x59\xac\x8b\x19\x0c\x6a\x6a\x7e\x7d\x05\x71"
	"\x38\x9a\xaf\x5d\xbb\xc4\x66\x06\x18\x33\xf3\x2d\xa7\x61\x95\xf6"
	"\xcc\x82\xbc\x30\x65\x18\x91\x79\xec\xe6\x6e\x93\x39\x5a\xf3\x94"
	"\x21\x48\x32\x2c\x64\x69\x93\x2f\xb9\xa8\xdc\x29\x0c\xf1\xb6\x57"
	"\x6a\xfa\x99\x17\x8f\x3d\xb0\x90\xe7\x5d\x27\x47\xc7\x47\xcb\xba"
	"\x1f\x96\x05\x85\x79\x0e\x56\xbd\xb7\xf4\xac\xb2\x0c\x57\x82\x86"
	"\x89\x9d\x47\x03\x7d\xed\x26\x7c\x8a\x1b\x87\x9a\x51\x87\xf0\x5a"
	"\xe1\x55\xd9\x02\xeb\x07\x4f\xad\x1a\x23\x4f\xdf\x56\x27\xd8\x1b"
	"\xde\xff\x12\x22\x46\x99\xe3\x3e\xbc\x75\x11\xd4\x82\xa5\xb1\xad"
	"\xd0\xb0\x47\xda\x8a\xf9\xd7\x54\xbc\xa2\x22\x8e\x57\x89\xbe\x2f"
	"\x37\xef\x3e\xdf\xf0\x85\x93\x1b\x1f\xb6\x0d\xec\x33\x00\xf0\x76"
	"\x63\x62\x0a\x25\xc0\xd2\xa9\x5a\xd3\xe0\x9e\x97\x58\x2d\x2c\xcf"
	"\x1b\xac\x1e\x29\x93\x62\xfc\x9f\x96\xe1\x74\x0f\x0f\x1a\x76\xc6"
	"\x50\xfb\xca\x29\x12\xd3\x40\xf0\xdc\xab\x24\x02\x0d\xb0\xf4\xce"
	"\x0a\xd9\xea\x78\x9c\xd4\xe1\x73\xac\x4f\xc6\x6a\x2c\x8f\x2c\xd1"
	"\xa0\x2a\x88\xe7\x1b\xda\xa9\x87\x6b\x11\x70\x61\x4d\x21\x9d\xa7"
	"\xb7\x55\x04\xd7\x47\xc4\x46\x69\x6a\xe9\x82\x18\x6b\xbb\xf0\xf5"
	"\x09\x58\x5e\xa1\xd5\x99\xe3\x03\x63\x36\x2f\xe3\x09\x56\x82\xb2"
	"\xa4\x53\xc2\x4d\xd5\x54\x07\x3a\x19\xcf\x98\x09\xf6\xfb\x16\x8d"
	"\x5b\xdd\xce\x48\xf8\xda\x1a\x91\xac\x40\xb6\xab\x2a\x46\x2f\xd6"
	"\xd7\xf6\x8d\xea\x05\xb5\xbb\x57\x31\x54\x4f\x77\x1f\x48\xd0\x48"
	"\x33\x57\xab\xd0\xdc\x4a\xfb\xc0\xa1\x83\xa9\x53\x46\x74\xb1\x78"
	"\xcc\x33\xb6\xfb\x74\xbd\xfc\x65\x74\x7e\xc0\x57\x7f\x7c\xdd\xbc"
	"\x6e\xef\x07\x7f\x99\x8a\x82\xef\xfb\x97\x87\x47\xd7\x91\xaf\xe9"
	"\x20\x76\x59\xeb\x49\x0b\xd2\x99\x10\xbe\xdd\xc7\xcc\xa1\x13\xf5"
	"\xc2\xca\x47\xac\x83\xb7\xb5\xb2\xae\x23\x97\x58\xa4\xdb\xbc\xf1"
	"\x2f\x99\xb9\xcd\xdd\x65\xe6\x04\xc3\xba\x1d\x50\x9e\x7a\x9b\xcb"
	"\x07\x54\x5d\x60\x29\x9c\x9d\x70\x51\xd9\x47\x8a\xa0\x7e\xee\x1e"
	"\xfb\x5d\x90\x0a\x93\xcd\x8f\x81\x91\xf7\x7a\x6b\x4d\xe0\x9c\x13"
	"\x98\x18\xdc\xd7\xb0\x58\x62\x45\xbd\xaf\xe2\xa9\xbc\xd4\xfa\x31"
	"\x62\x0c\xd6\x89\x6d\x40\xcc\xca\xa7\x78\xd6\x4b\x17\x19\x48\x06"
	"\x47\x7a\x95\x53\xe9\x84\x32\xaa\x57\x30\x33\xd9\xf3\x34\xb4\x81"
	"\xb7\xde\xaf\x77\x50\xd0\xe9\x9a\x0b\xa6\x6e\x8e\x62\x61\x62\x2b"
	"\x3c\x8a\x01\x66\x0b\x07\xbf\xb7\x95\x72\xb3\x90\x18\xd7\x4f\x72"
	"\xed\x0b\x8b\xcd\x2a\x17\x33\x6e\x9e\xa8\xb5\x57\x58\x45\xee\xb5"
	"\xf6\x15\xbd\xa3\xaf\x67\xaa\x17\x56\xbe\xa0\x62\xf8\xca\x94\xa6"
	"\x41\xff\x22\xf1\xd4\x78\x46\xe2\xbe\xc9\xa7\x26\xcd\x90\x6a\x5b"
	"\xdb\x11\x48\x5e\x30\x96\x34\xc4\xe5\x93\x3b\x93\x28\xd8\xec\x0f"
	"\x8f\x68\x63\x0f\xd4\xaf\xef\x5b\xc7\xd0\xd6\x25\xd9\xba\x53\x15"
	"\xee\xf6\x71\x8e\x0c\xb9\x6c\x50\xad\x18\x70\xc4\x7c\xcd\x9a\x99"
	"\x3a\x39\x0c\x9c\x6b\x72\xa5\x75\xa0\xfd\xb4\xc4\x20\x57\xdf\xc2"
	"\x90\x2a\xe6\xf3\xfa\xe3\x03\xbc\x79\x15\x6a\x85\x0e\x18\x37\xb9"
	"\xf7\x94\xdb\xaf\x0d\xaa\xd6\x10\x0c\x58\x9d\x1c\xea\x40\x82\xc8"
	"\x8e\x18\x46\x57\x45\x75\x3e\x9d\xf7\x86\xf5\x03\xe2\x92\xd6\x91"
	"\x0f\x45\x18\xa2\x9d\x9e\x38\xb7\x23\xbd\xaa\x31\x3f\xdd\x3d\xfc"
	"\xa7\x4e\x39\xc1\xe6\xf4\x2f\xc2\x02\x2e\x6f\x66\x6e\xea\xa6\x02"
	"\xcc\x22\xdf\x63\x13\x22\x53\xab\xa0\x25\x4f\x4b\x7e\x91\x19\x4b"
	"\xb5\x2c\xeb\x2f\x5f\x30\xf9\xc8\x42\x24\x6b\xfb\xe1\x15\x3e\x3d"
	"\xd2\x9d\x81\x69\xf8\x3a\xb5\x2d\x4b\x53\xf7\xdd\x03\x34\xe7\xec"
	"\x87\x99\x7a\x3b\x90\xdd\xfa\x5b\x19\xa1\x46\x6b\x25\x7a\xfa\x21"
	"\xed\xce\x62\xed\xef\xda\x69\x6f\x54\xa8\x79\x5a\x04\x92\x80\x64"
	"\x99\xbb\xb7\xf3\x25\x2b\x16\x2c\xc4\x8c\x77\x88\xc1\x6f\xdd\xea"
	"\x17\xc2\x16\x2a\xf8\x2c\xa8\xf1\x3f\x88\x5d\x79\xe0\x1f\xc3\x96"
	"\xda\xdc\xf9\x30\xaa\xe4\xc1\x47\xd1\xb1\x04\xe7\xa3\xb8\x65\x50"
	"\xea\x5d\x74\x7c\x71\x10\xdc\x14\x6b\xb4\x8a\x61\x8b\x0d\xe4\xdd"
	"\x79\x73\x9d\x33\xfa\xf0\x54\x42\xca\x67\x79\x34\xfe\x68\x87\x5c"
	"\xce\x3e\xbc\x83\x1c\xdf\x23\xc8\x8f\xef\x60\xfe\x51\x54\xb4\xf2"
	"\xdf\x45\x25\x98\xb7\x04\xd6\x88\xd8\xb5\x2f\x1d\x5b\x67\x71\xcb"
	"\x17\x61\xdb\xbb\xb7\xc3\xe6\xeb\xd3\x56\x7f\xcb\x69\xa0\x1f\x3e"
	"\x1d\x2c\xc1\x39\x63\x69\x94\x60\x09\x48\xd4\x31\x69\x7d\x20\xf8"
	"\x51\xbe\x71\xb3\xbe\x0c\x24\xa8\xf6\xb6\x6b\x49\x86\x3e\x40\xf9"
	"\x09\x01\x9f\xfa\x32\x64\x65\x20\x58\xe6\x1a\x11\x06\x90\x30\x19"
	"\x78\xd3\xdf\x82\x96\x3e\xbd\x79\xc8\xb6\x7d\x7e\xd9\xff\xb2\x92"
	"\x7b\x9e\x54\xb7\xb7\xd2\xa9\x09\xe0\x96\x65\x4e\x09\x49\x73\xaf"
	"\xa2\x6d\x2a\xa9\x0c\x4a\xfb\x7b\x2c\xce\x1b\x0e\xe3\x3f\x99\xa1"
	"\x32\xfd\x8d\x19\xe5\xc1\xc7\xc2\x00\x41\x6d\x9b\xa3\x01\xad\x4c"
	"\x20\xb9\x53\x76\xd5\xc1\xe8\x0e\xda\x32\xd5\x52\xae\xcb\x13\x9c"
	"\xf9\x95\x53\xb3\x3f\x70\x51\xd3\x8f\xc1\x75\xc9\x94\xd1\xd0\x58"
	"\x9d\x37\x75\x38\xa1\xe5\xf0\x78\x3e\xaf\x93\x2d\x6e\xa4\xa9\xce"
	"\x51\xf5\x33\xab\x26\x6e\x27\x93\x23\x5a\x4f\xaf\x38\x61\xa9\xee"
	"\x7e\x39\x1d\x5e\x9c\xfa\xf5\x4e\x39\xfd\x88\xb0\x38\x77\xf9\xcf"
	"\x85\xf4\x98\xc2\x5d\xb7\xd8\x1f\xd1\x8d\x29\x18\x3c\x58\x66\xe6"
	"\x0f\xf9\x0b\xf0\xe5\xf1\x2b\x09\x3e\xfe\x4c\x88\x5b\x08\x42\x7a"
	"\x53\xdb\x08\x83\xc9\x10\x79\x79\xd6\x74\xb8\xcd\x78\x4f\x3a\xe2"
	"\x76\x96\xfb\x2c\xb0\x5b\x99\xb4\x2a\x08\xab\x67\x44\x89\xfe\x8c"
	"\x83\x53\x59\x50\x21\xeb\x84\xa6\xdf\xa5\xa8\x1e\x2b\xb6\x31\x5a"
	"\xf1\x46\xfd\x82\x09\xcc\x0b\xe0\x62\xd2\xfa\xfe\x43\x44\x85\x70"
	"\xe3\x5f\xfa\x19\xbc\xff\xa3\x32\x3a\x6c\x89\x28\x55\x5c\xc4\xfb"
	"\x59\x1c\xf3\x35\x19\x41\x83\x98\xb0\xc4\xa3\xa5\xb3\xb2\x86\xcc"
	"\x79\x42\x18\x09\x82\x1f\x34\xaa\x22\x51\xd6\xe7\x3b\x04\x06\x5a"
	"\xf4\x07\x68\x7c\xa3\xe1\x6c\xe0\xde\xd8\xb1\xcd\xa6\x0d\x27\xc1"
	"\x45\xd8\xda\xd7\x39\x7e\x48\x01\xcc\xec\x45\x42\xc4\xf2\xfd\x80"
	"\x12\xcc\x34\xaf\x1e\xb1\x21\xe5\x56\x41\xc6\xff\x53\x76\x65\xcd"
	"\x8d\xdb\xca\xfa\xaf\xa8\xfc\x70\xea\x9e\xaa\x9c\x5b\xda\x2d\x9d"
	"\x2a\x3f\x80\x9b\xc4\x88\x0b\x4c\x80\x5a\xf2\xc2\x52\x66\x9c\x8c"
	"\x2b\x9e\x71\xca\xd6\x4c\x92\xfb\xeb\x2f\x1a\xe0\x02\x80\x00\x48"
	"\x3f\xd9\x42\x7f\xc4\xbe\x36\x1a\x5f\x0f\xc9\xf9\xb5\xbe\xc1\x32"
	"\x25\x41\xfc\xe1\x26\x5b\x7e\x2f\x40\xb1\x12\x19\xad\x10\x62\x76"
	"\x18\x08\xe1\x2c\x9c\xa2\x73\x9c\x96\x66\xba\x0f\x16\x07\x4c\x99"
	"\x75\x85\x57\xfc\xec\xcd\xed\x94\xd9\x06\x2d\xb9\xc8\x87\x6a\xf1"
	"\xfe\x17\x65\x70\xb6\x88\xb9\xa1\x96\xd6\x46\x42\x0f\xc3\x96\x01"
	"\xc4\xb6\xd4\x6c\xd3\x51\x1b\xe2\x48\xc6\xbc\x62\x06\xa8\xc5\xcb"
	"\x83\xe9\x5d\xaa\x02\xf1\x2e\x60\x96\xb0\x98\xdf\xaf\x5b\xcd\xd0"
	"\x01\x0a\xc1\xdf\x03\x3f\x4c\xff\x5e\x44\x12\xc7\x81\x17\x9b\xae"
	"\xc5\x80\x3f\x82\xeb\x3f\x78\x9e\x61\x83\xc5\xc6\x22\x5c\x83\xe4"
	"\x0a\xcd\x94\x62\x28\x20\x56\x43\x16\xc6\xf6\xc8\x60\x56\x41\x48"
	"\x6d\xf7\x2d\x11\x56\xb0\x6e\x51\x28\x15\x09\x81\x61\x13\xc6\x17"
	"\xac\xec\xe9\x06\xef\x1f\xe0\xb6\xb7\xb7\x52\xb1\x49\xf6\xa0\x92"
	"\x7f\x88\x10\xd6\x1e\xc8\x34\x30\xd8\x8e\xfd\xac\xec\xdf\xcf\x70"
	"\xf9\xa9\xf0\x6d\x40\x98\xfe\x75\x37\x21\x26\xa6\x01\x70\x8e\x0a"
	"\xa9\xfd\xe0\x17\x7f\xa7\xa9\x05\xd5\x0c\x0b\x72\x50\x7b\x51\xaa"
	"\x85\x93\xd2\x03\x55\x6b\xec\x5f\x34\x41\xf7\x30\x5b\x81\xb3\x81"
	"\x19\x13\xaa\x98\x3b\x8a\xf8\x71\x6d\x7b\x2b\x55\xee\x21\xbc\x28"
	"\x6c\x5e\x22\xa8\x89\xd9\x6c\x2d\x1b\x60\xce\x63\x12\x1a\x87\x7f"
	"\xac\xb4\x7a\x8c\x85\xe1\x8f\x4a\x6a\xc6\x42\x5b\x13\x30\xd6\x27"
	"\xa9\x76\xe6\x02\xbd\xba\x07\x8a\x97\xd0\x3a\xc9\x34\xf1\x82\x41"
	"\x11\x9f\xad\x89\x16\x03\x8f\xb6\xc6\x20\x0b\xb3\x4d\x0b\x3b\x86"
	"\x85\x97\x93\xd0\x9c\x8e\x80\xb0\x51\x49\x88\x6c\xa8\xcd\x24\x38"
	"\xc3\xfa\xef\x2a\xd8\xfb\xfd\x40\x18\x16\x58\xcb\x20\x84\x17\xa8"
	"\x30\xad\x81\x7c\x24\xe0\x58\x6b\xa9\x18\xef\x60\x87\x18\xa6\xe5"
	"\x59\x17\x00\x17\x4b\xa6\xee\xca\xda\x2f\x2c\x95\x57\x97\x4a\x33"
	"\xd8\x69\x25\x86\x20\x43\x85\x4b\xa5\x89\x53\xc2\x36\x56\x33\x53"
	"\xe0\x5c\xb6\x62\x67\x47\xb2\x3c\x3f\xc4\xbd\x81\x8f\x8f\x34\x56"
	"\x83\xca\xc0\x56\xae\x28\x37\xbf\xe1\xab\x65\x5d\x85\xd8\xfa\x67"
	"\x85\xf6\x32\xc5\x0c\xcc\x31\x44\x6d\x9f\x3a\x0c\x88\x2d\x40\x25"
	"\x69\x8b\x47\x1f\x51\x3c\x50\xec\x1e\x80\x63\xa5\x2c\xbc\xaa\xb6"
	"\x1b\x5f\x2b\x10\x3e\x1c\xdb\xc2\x29\x1f\x9b\x02\xc5\x60\x87\xa7"
	"\xd0\x62\x0b\xa6\x3e\x3d\xd7\x10\xee\x08\xbc\x30\xd4\xbf\x85\xe9"
	"\x4d\xcf\x85\x8f\x4d\xc1\xd0\x24\x75\xb0\x5a\x55\x05\x3a\xd9\xe6"
	"\xd8\x36\x09\xd6\x75\xe1\xda\x4a\x9a\xc3\x20\x15\xf6\xef\xae\x9d"
	"\x0c\x0c\x22\x4f\xbe\x3c\x69\x43\xfd\xd2\x1c\x7e\x62\x49\x9c\xf2"
	"\x3c\xe8\x28\xd7\x5a\xd1\x9e\xfd\xc7\x82\xbb\xb9\xbb\x15\x10\xf6"
	"\xaf\x79\x7a\x6f\x21\x17\x2f\x41\x6e\xc8\x91\x1d\xc6\x89\x1b\x92"
	"\x1d\xdd\x72\x50\x94\x40\xd7\x71\xa3\x12\x3c\x94\x91\x2c\x77\x23"
	"\x2e\x21\xda\xbb\x11\x71\xc2\xd6\xe8\x3c\x1e\x28\x4f\xe0\x0f\x56"
	"\x9c\x1f\xec\xdc\x00\xcf\x2b\x1c\xa7\x1a\xd1\xc8\x3d\x0d\x20\x6f"
	"\x7d\x63\xbc\x0d\xa2\xd0\x2a\x41\x13\x37\xc9\x3f\xdc\xfd\xfa\xfc"
	"\xe9\x4e\xcd\x56\x1a\xac\xb4\xeb\x82\x76\x42\x3b\xae\xe5\xe9\xed"
	"\xb8\xae\xd7\x2e\x4e\xa1\x62\x92\x70\xde\x60\x4d\x20\x18\x9f\x60"
	"\x75\xae\x02\x14\xa8\xe3\x6b\xdd\x9b\x97\xd6\xa6\x89\x69\x3d\x62"
	"\x66\x5a\xf7\xa7\x26\x48\x3d\x8d\xf1\x5a\x5d\x87\x58\x60\x9c\x20"
	"\x6b\x2c\xd6\x89\x6a\x6d\x09\x1d\x9c\xaa\xd6\x03\x73\xd5\xda\x39"
	"\x59\xc9\x52\x5e\xc7\x35\x83\x96\x76\x92\xe6\xe5\x52\x56\x14\x1e"
	"\x42\x62\xda\x0f\xa9\xd6\x0a\xe1\x18\x84\x66\x41\x4c\x7c\x76\xfc"
	"\x0f\x42\x7a\xc1\xa1\x26\xec\xaf\x49\x3c\xd8\xb6\xd4\x42\xad\xdb"
	"\x17\x4e\xc8\x42\xe9\xc1\xbd\x91\x1e\xdc\xae\xc3\x6a\x32\xe6\xb5"
	"\xd8\x96\xb2\xb4\x02\xab\xd1\x90\x70\xb7\xae\x92\x93\x28\x8b\x65"
	"\x73\xd4\xc0\xd8\xa1\xcc\xb7\xad\xb7\x36\x63\x21\x26\x02\xa6\x6d"
	"\x30\x94\x80\x23\x9d\xb6\x82\x73\x11\xde\x5f\x84\x01\x30\x45\x29"
	"\x36\x1f\x5c\x19\x54\xb7\xb0\x68\x83\x0c\x8b\x86\x57\xc4\xc1\x2e"
	"\x54\xbe\xaa\x69\xd3\xdf\x9e\xe0\xdc\xf0\xdb\x33\x3c\xa5\xee\x51"
	"\xab\xf7\x62\x36\x9d\x42\x6a\x51\x7d\x7c\x31\x89\x22\x94\xc6\xec"
	"\x48\x2f\x32\xe1\x00\xb0\x3d\x9f\x56\x1d\x6a\xdc\x36\xf6\xd6\x3e"
	"\x90\x2b\xdf\x1d\xb9\xac\xc4\x85\x8f\x23\xa9\x9c\x98\x98\x0d\x33"
	"\xa0\x4d\xcb\x32\xae\x51\x90\xa2\x8f\x04\x4f\x69\x8f\x35\xb8\x16"
	"\xb0\x38\x83\xf0\xe8\xcc\x38\xc4\xda\x50\xf1\x1a\xd2\xaa\xea\xae"
	"\x62\x12\x99\x3a\x92\x2c\x87\x9b\x4c\x32\x50\x16\xae\x08\x91\x1f"
	"\x4d\x2a\xc2\x3e\x43\x95\x22\x86\xae\xca\x86\x9e\x79\x20\xe8\x40"
	"\xde\xa7\x87\xa1\x7c\xf4\xd8\x72\x4d\x85\x75\x2d\x5b\x66\xe5\x13"
	"\x85\x2c\xd9\xc9\xcf\x3b\x65\x01\xf1\xa9\xe5\x13\xb6\x83\x4b\x62"
	"\x1a\x5a\xaa\x00\x81\xbd\x36\xb2\x08\x23\x3d\xce\x56\xb2\x5f\xcc"
	"\x17\x16\x51\x5c\xf8\x16\x89\x81\xeb\x5a\x91\xb3\x5e\xe3\xc5\xb9"
	"\xce\x7f\xa9\xf6\x89\x2c\xc5\x83\x4d\x8e\xad\xd9\x26\x48\x35\x78"
	"\x52\x85\xf1\x60\xd4\x34\xea\xd7\x72\x37\x3f\x38\x46\xdd\x2e\x29"
	"\xd9\xd1\x8b\x9a\xe3\xcf\x90\x5a\x23\x19\x57\x9a\x84\x0a\xa5\x5d"
	"\x1d\x6c\xe9\x1f\x9d\xc8\xd4\xda\x9d\xb4\xd7\x4b\x40\x64\xe8\x02"
	"\x10\x1c\x19\xa0\x7a\xdb\x42\x18\x35\x01\xe1\xc5\x2b\xe8\xc3\xb4"
	"\xca\xb6\x2e\x5d\x5d\x8d\x9d\xdb\x15\x93\x4f\xe4\x67\x7e\x05\xf3"
	"\x3e\xf9\xf4\xfa\xf5\xd7\xe7\x6f\x4f\x9f\x27\x5f\x5f\xe1\x06\xfb"
	"\xdd\x34\x89\x9f\xa9\x3e\x9d\xc8\x22\x68\xc5\x5a\xac\xc4\x7c\xbb"
	"\xbe\xfd\xfe\x74\x53\xee\xf1\x95\xef\x28\xa8\x08\xa9\x60\xf3\xb7"
	"\xad\x89\x3d\x34\x37\xb8\x27\x65\x3a\x50\xd4\x16\xce\x55\x0d\xd1"
	"\xc5\x92\xf5\x06\xd5\x95\x60\x00\xd5\x4d\x9d\x2e\x20\x35\xf7\xd9"
	"\x0e\x11\x10\x1f\x8f\x2c\xc1\x3e\x19\x8a\xcc\xa6\xe8\x35\x61\x41"
	"\xc7\xcd\x39\x36\x87\x22\x35\xf3\x91\x1b\x91\xf9\xce\x5d\x1d\x8e"
	"\x0a\x53\x07\xa8\xe1\xdb\x0c\xa8\x52\xf1\x00\x26\x1a\xcc\x42\x16"
	"\x35\xeb\xbb\xb3\xd0\x59\xce\x67\xa3\xd1\x9d\x11\xd4\x7a\x66\xe7"
	"\x23\x46\xb4\x69\xe8\x1a\x70\x2c\xce\x91\x31\x82\xb9\xf7\x79\xa0"
	"\x6f\x6b\xec\xb5\x26\xc8\xa8\x4e\xcd\xce\x73\x29\x21\x83\x79\xf7"
	"\x31\x3b\x45\x80\x42\xbb\x4f\x09\xd4\xcc\x0b\x5f\xaf\xb7\x4f\x5f"
	"\x9e\xec\xf3\x42\x0a\xcf\x4d\xf9\xe5\x1b\x9c\x18\x86\xaa\x42\xa0"
	"\x35\xe6\x68\x03\xa2\xcf\x00\xee\x44\x27\x25\xa1\xc6\x3b\x0b\x13"
	"\x98\x6d\xe3\x94\xbb\x55\x23\x26\xcb\xc4\x65\xc1\x40\x36\x19\xce"
	"\x71\x10\x30\xc2\xd5\x17\x7e\x16\x94\xa3\x85\x3b\x50\xb3\x4d\x75"
	"\xe6\x10\x97\x63\x6b\x11\x96\xd3\xd1\xd8\xf0\xf8\xa1\x16\x1a\x33"
	"\x85\x0a\x64\xe8\x67\xce\x82\x0b\xb5\x80\x5d\x0e\xaf\x6e\x86\xeb"
	"\x58\xbc\x7a\x77\x43\x92\x81\xaa\x15\x7a\x86\x71\xa5\x8a\x71\x81"
	"\xb2\x5d\xe8\x4c\x30\x99\x53\x77\xd1\x92\x30\xdb\xd1\xbd\x1b\x32"
	"\x58\x72\x76\xa4\x1d\x90\x0f\xf4\x3c\x71\x00\x17\xda\x0d\x57\xf5"
	"\x64\x91\x7e\x9c\x73\xa1\x2d\xe7\x31\x03\x50\x35\xf2\x32\x20\xf4"
	"\x0b\x23\x13\x64\x7f\x21\xac\x0b\xbb\x31\x07\xaa\xea\x40\x0c\x98"
	"\xc7\x32\x57\x98\xec\x2d\x88\xf9\x08\x88\xfd\xc8\x6a\x00\x0a\x6b"
	"\xf1\xb1\x75\x3b\x72\xe1\xab\xc1\x21\x4a\x52\x67\x7e\xd9\xaa\x38"
	"\x34\x7f\x6a\x1b\x6c\x03\x20\xaf\xef\x2b\x1d\x10\xaa\x5c\xf0\x59"
	"\x10\x5c\xa1\x38\x80\x2a\x94\xc7\x0e\x06\x48\xbb\x5a\x3a\x20\x8a"
	"\x61\xbe\x01\x50\x2e\x34\x5d\x13\xbc\x8a\xb2\x5d\xbe\x1d\xfb\xef"
	"\xd9\x62\xfc\xdf\x11\x9a\x9a\x08\x34\xb9\x05\xe2\x4a\xaa\xa5\x72"
	"\xdc\x10\x35\xda\x0f\x17\xbb\x8e\x26\x5c\x3e\x85\x04\x60\xa7\xca"
	"\x82\x6d\xa7\x75\xe8\x67\x96\x6b\x3a\x21\xec\xa5\x55\x84\x3f\xc3"
	"\xe5\x7f\x2f\x9c\x9f\x99\x4c\x81\x29\x22\x6c\xab\x57\x20\x78\x2b"
	"\x6b\x92\x9b\x4f\xfb\x5c\x82\x0d\xc7\x2d\xf5\x38\xce\xea\x99\x85"
	"\xc7\xd8\x70\x69\x97\x45\xcd\xbe\x65\x6f\x0e\x57\x56\x21\x59\x50"
	"\x60\x5d\x2f\x27\x4b\xa9\xec\xae\x40\x08\xcc\xf0\x76\x93\xf9\xb3"
	"\xb6\xc5\x54\xc4\xe4\x92\xf1\xd6\x33\xdf\x64\xea\x47\x66\xe5\xd3"
	"\xae\x66\x2d\x00\x7d\xaf\xae\xe5\xab\xdd\xfc\x6a\xa5\xcc\x76\x49"
	"\x68\xcd\x6f\xbd\x0f\xb3\xf0\x80\x2a\x50\x56\xc1\xc3\x20\x56\x9d"
	"\xd6\xa2\x17\xe8\xa4\xe7\x8e\xed\x8c\x4b\x30\xfc\xd7\xc3\x59\x27"
	"\x36\xf7\x01\x64\x6b\x4d\x26\xe8\xca\x5a\x0f\xcf\x1f\xeb\x71\x03"
	"\xb4\x1b\x88\x6b\xcb\x40\x5c\x9b\x07\xe2\xda\x3c\xd2\xba\x41\xb5"
	"\xee\xa9\x24\x7b\x81\xf5\x48\x53\xae\x6b\xd6\xda\x30\x90\xea\x7a"
	"\x2d\x8f\x04\x4b\x7b\x48\x98\xb0\x8c\x8d\x0f\xba\x15\x10\x4c\x4f"
	"\xd6\x54\xe0\xb8\x31\x9c\xce\x3e\x19\x4a\x04\xca\x28\x2c\x44\xad"
	"\x49\xa5\xfb\xa1\x48\xa4\xd6\x37\x47\x51\xd0\xe1\xbc\x92\xc2\x91"
	"\x8e\xac\x15\x50\x25\xfd\x7e\xb7\x1e\x98\x17\xd6\x63\x27\x86\xb5"
	"\x32\x52\xd5\x60\x31\x6a\xf4\x58\x9b\x81\xe3\x2a\x6d\x86\x2c\x6a"
	"\xbb\x6e\x41\x52\xfa\x75\x73\x25\x11\x55\xa1\xd7\xd7\x77\xc9\x2e"
	"\x35\x78\x4d\xd8\x26\x03\xfd\x50\x22\x2d\xaf\xbe\x6a\x59\x02\xbf"
	"\xab\xc0\xdb\x55\xb9\xf7\xb3\x9f\x19\xfd\xa7\x71\x44\x73\x95\xca"
	"\x8d\x31\xf8\x15\x0f\xdc\x7c\xf6\x63\x32\xe0\x80\xb1\xc0\xe2\x39"
	"\xc8\xf2\x85\xee\xd4\x4f\xc6\x0f\xe5\xc0\x95\xb2\x6c\x62\x20\x12"
	"\xd7\x8c\x13\x0a\x8b\xd7\x29\x6a\xf3\x2b\x8a\xa8\x49\x4b\x57\x9f"
	"\x49\x3a\x43\x41\xf6\xbb\x3a\x9a\xb8\xaf\x89\xbc\x1e\xeb\x57\x41"
	"\x75\x67\x88\x77\x29\x6b\x37\x78\xc6\xa2\x59\x41\xd6\xf2\x63\x82"
	"\xb2\x7a\x64\x98\xaf\xc5\xc4\x2b\x6a\xae\x92\x43\xba\x6d\x0c\x0b"
	"\x32\xb9\xd0\x80\x28\x37\xd3\xf9\x4c\x79\x51\xd3\x85\x56\xbb\x63"
	"\x61\x5e\xae\x24\x4c\x7a\x34\x6e\x83\x92\x44\xb9\xa4\x67\x3f\x2d"
	"\xc4\xcf\x14\x25\x66\x35\xd5\x79\x6e\x66\xf4\x4e\x10\x36\x3f\x72"
	"\xc3\x7b\xd6\xa1\xcc\xb3\xd2\x3a\xc9\x4f\x18\x59\x56\xd5\x30\x0c"
	"\xa1\x28\xab\xa5\xc5\xe8\xaa\x79\xad\xc4\xd7\xba\xc7\xef\x4f\xdf"
	"\x9f\xc0\x49\x72\xfd\x50\x4a\x79\x5e\x59\xa3\xab\x3d\xf5\xf4\x16"
	"\xe0\xc1\x91\xd1\xf8\xbe\x11\xe3\x22\xce\x4d\x9f\xf1\x43\xe5\xa3"
	"\xd5\xb6\x89\xf0\x63\x47\xe0\x94\x93\xc8\x1b\x90\xbb\xe3\xa7\xe1"
	"\x63\xe2\x06\x78\x91\x53\xee\x7b\xc4\x29\x67\x67\x06\xa7\x7c\x37"
	"\x54\x42\xf6\x37\x4c\x9d\x88\xa0\x28\x9c\xf2\xf4\x11\x1a\xc0\x5d"
	"\x4d\x07\x6f\x10\xe3\xef\xf3\x43\xe8\x44\x3c\x0e\x54\xb6\x0f\x6f"
	"\x29\x9c\x88\xe8\x71\x04\xc8\x47\x03\xf9\x18\xc8\xc6\x7e\xef\x6e"
	"\x12\x1c\x87\x8e\xce\xdc\xdd\x96\xf7\x3f\x4c\x2c\xec\x7e\x6d\x4b"
	"\x89\xc5\xa2\x77\x0c\xf4\x5f\xae\xef\xef\xcf\xbf\x3d\x7f\xea\xdf"
	"\xd1\xb3\xed\xb5\x66\x3b\xc8\x02\xe0\x75\xb2\x6a\x2b\xd4\x08\xb8"
	"\xb9\x84\x6d\xbc\x03\x20\x3a\xf5\x63\x2b\x65\x87\x25\x75\x00\x67"
	"\xc6\xe8\x87\xf6\x14\x45\x22\xd2\x24\x3f\x99\x72\x63\x75\xe9\xd8"
	"\x96\xa3\xa7\x13\x6e\xe3\x0b\xed\x9d\x1a\x20\x7c\x1f\x66\xf6\xcc"
	"\xc6\x8d\x19\x53\xd5\x1f\x75\x17\x56\x3f\x9e\x97\xbd\x94\x4b\x42"
	"\x3f\xb5\x6a\x37\x1b\x08\xd7\x11\x3b\x93\xd5\xd5\x02\x92\x24\x0d"
	"\x29\x1a\x4a\x00\x78\x1f\x86\x30\x6c\x67\xef\xa8\x56\xe4\xab\x5a"
	"\x16\x08\x10\x1a\x32\xfd\x7e\x85\x4b\x80\x9d\xc0\x12\x1b\x88\xd3"
	"\x18\x1e\x68\x98\x3e\x24\x28\xc5\x49\xe8\xf8\x54\x7b\xab\xd5\x04"
	"\x67\xc8\x5e\x40\x9e\xd5\xd0\x71\xdf\x28\x52\x8e\x1d\x0d\xc5\x01"
	"\x07\x6f\x30\x12\x5f\xbb\xa4\xec\x01\x60\x37\xe0\x04\xb0\xfe\xeb"
	"\x4e\xa1\xd6\xea\x0f\x65\x35\xcd\x03\x27\x24\x8e\x42\xa7\x5c\x18"
	"\x36\x81\x29\xbb\xa3\x57\xc4\x32\x7f\x6b\x3b\x57\xc6\x91\xb2\x36"
	"\x07\xbe\x79\x41\x0d\x32\x78\x50\x43\xf2\xe4\x68\x7b\xc3\xce\xf6"
	"\x92\x88\x3f\xfe\x36\x8a\x73\x1c\x66\x47\x72\x8a\x59\xe7\x35\x6f"
	"\xbc\x0c\x26\xf6\x8a\xe5\x15\x58\x12\x58\x5f\x26\xb0\x6e\x68\x5f"
	"\x86\x33\x62\x4e\x72\x4f\x1c\xeb\x26\xcf\xa9\x66\xe0\xa3\x20\x92"
	"\x05\xa8\x5b\x40\x1b\xe8\x42\x65\xbe\xd1\x95\x4f\x21\x3b\xea\x2d"
	"\x22\xee\xf9\x5a\xb6\x0c\x3c\x63\x62\xf0\xb2\x0a\x11\x5a\x97\x69"
	"\x09\x53\x1b\xef\x5b\xba\x42\x01\x4e\x97\xc9\xa5\x52\xfd\x3c\x7a"
	"\x8f\x7d\x7f\x88\xba\x17\x44\x42\x8b\x10\xa5\x06\x22\x03\xd9\x20"
	"\x9d\x4d\xdd\xed\x85\x84\xfc\x82\x65\x72\x7b\x7a\xaf\x9d\x8d\x2b"
	"\x35\x84\x0f\xd4\xe6\x42\x9c\x6f\xf0\x8b\x1c\x57\x69\x9e\xc5\x1a"
	"\x85\xb8\x44\x37\x9e\x16\x28\xb0\x55\x8a\xd1\xfd\x80\x27\x73\x09"
	"\x80\x4b\xbc\x30\x50\xd4\x01\x2c\xac\x88\xe0\xc6\xd0\xdc\xd1\xd9"
	"\x17\x59\x88\x6d\xb2\x7d\x1c\x60\x63\x9a\xac\xbf\x29\xc9\xaa\x2a"
	"\x35\x1e\x60\x39\xbe\x79\x70\xff\x9b\x44\x54\x53\xe7\x0b\x5a\xeb"
	"\x97\xef\x4f\xb7\xd7\xd7\xdb\x97\xc9\xe7\xa7\x1f\xcf\x9f\x9e\x4c"
	"\x9c\x90\x90\xb6\x1f\x7b\xb4\x24\x9e\x35\xd7\x20\x27\xb6\x6a\x14"
	"\x80\x12\x59\x54\x23\xf5\xf7\x7e\x3a\x9f\x2e\xce\x2e\x04\x46\xb3"
	"\xa9\x13\x10\xb9\xb3\x78\xdc\xfb\xb1\x4d\x9c\x16\x47\x0b\x2f\x63"
	"\xc4\xba\x7c\x61\x3b\x00\x47\xd5\xc1\x48\x8d\x07\x4f\x72\x0a\x95"
	"\xed\xe5\x14\x17\x61\xa2\x18\x4a\x36\x21\x95\x70\xa1\xd6\x84\x86"
	"\xdc\xe2\x46\xd6\x5f\xf3\x20\xd5\x5f\x7a\x1d\x14\x1f\x65\x26\x89"
	"\x1d\x9c\xd7\xa4\x57\x25\x59\xc2\x03\x38\x37\x34\x18\x01\xf7\xb1"
	"\x30\xfb\x84\x09\x9b\x5d\x8b\xea\x84\x8a\x8c\xed\x4e\xd5\x99\xa3"
	"\x81\xf9\x21\xd0\xb9\xd5\x5e\x11\xab\x3c\x2b\x4d\x96\x48\x2d\x1a"
	"\xc8\x5a\x58\xd9\xb8\xf7\x57\x78\xb4\x14\xee\x02\xcf\x90\x36\x50"
	"\x25\x34\x8c\x42\x00\x81\x05\xc8\x9c\x7c\xa3\x26\xc1\xce\x64\xfd"
	"\x22\x40\x92\x0f\xc0\x7e\x34\x27\xdb\xd6\x28\x45\x3e\x47\x98\xfd"
	"\x73\x89\x8f\xd9\xc6\x8f\x5f\x14\x73\x1f\x07\xdc\x15\xc4\xb4\x8b"
	"\xe0\x14\xb3\x50\xb3\xdf\xe3\xe8\x10\x27\xf6\x13\xc9\x16\x5b\x66"
	"\x9e\xd8\xbc\x35\xf0\x43\x0c\x37\xb6\x96\x63\x6b\x64\x3a\x47\xb3"
	"\x6d\x16\x29\x33\x2e\x55\xf9\xb1\x95\x00\xf6\xa3\xc2\xc7\x20\xa8"
	"\x80\x24\xa6\x7b\x0e\xde\xf1\xc3\xb3\xc6\xc2\x8b\x2a\x21\xb1\xa5"
	"\x06\x0f\x21\xb7\x01\x67\xad\x0a\x6c\x62\x98\x45\x03\x94\xb9\x06"
	"\x4f\xe2\x4a\x94\x11\x82\x07\xb3\x17\xfe\xd2\xd3\x0a\xe2\xba\x46"
	"\x7b\x1c\xd0\x8f\xe8\x2f\xc0\xfb\x67\x2a\xbd\x28\x28\xa8\xbe\x77"
	"\x1a\xd1\x7c\x2d\x09\x4a\x9c\xc4\xdc\x93\x03\xe7\x42\x38\x3d\x5a"
	"\x0b\x69\xff\xe2\xd1\x77\x24\xdd\x30\xbf\xc3\xf6\x7d\x9f\x07\x0f"
	"\x73\xa5\xc5\x2a\x9c\xad\x96\xf7\xb6\xf6\xac\xa2\x10\xd1\x12\xc6"
	"\x52\x36\x9b\x4e\x4b\x2b\x0c\x5b\x9c\xf3\xa9\xc5\xaf\xb8\x1b\x4c"
	"\x1f\xa7\xf0\xdb\x1a\xd7\x23\x8d\xab\x78\xee\x3b\xe3\x6b\x78\x01"
	"\x73\x9f\x26\x56\x20\x1b\x32\xe6\x55\x17\x04\xcd\x1b\xfa\x24\x44"
	"\x07\x3b\xe8\x30\x5f\x4d\xcd\x47\x1e\xdc\x3f\x3e\xa8\xef\xf9\x2c"
	"\x9b\x5e\x93\x1d\x7f\xb3\x4b\x25\x54\xf8\x7b\x91\x18\x2f\x8b\x9c"
	"\x8d\x39\xe1\x6a\x5a\xdd\x59\x84\x47\xd8\x54\x1a\x67\x8c\x0b\xef"
	"\x92\x35\x42\x61\x7f\x40\x71\x92\x1f\xc3\xc2\xa6\xa6\x0c\xbb\xad"
	"\x13\x5f\x81\x03\xb1\x28\x1b\x49\x8b\x51\xea\xa1\x96\xe4\x0c\x88"
	"\x4d\x9f\x3f\xd5\xc0\x49\xde\x27\x32\x2d\xc5\x3b\x7b\x61\xc3\x62"
	"\x79\x0d\x74\xa4\x29\x8e\x88\x51\x4f\x0b\x66\xae\x89\xc2\xbd\x88"
	"\x0b\x11\x63\xcb\x48\xec\x95\x71\xd2\xaa\x03\x5b\xbe\xe5\x97\xd7"
	"\xeb\x67\xce\x22\xdc\xd4\xc0\xa9\x6a\x1d\x58\xb4\x1e\xd6\x69\x81"
	"\xda\x78\x1e\xee\x7e\x5c\x5f\xbe\x5c\x5f\x5e\xfe\x33\x5b\x6f\x67"
	"\xab\xf9\xfa\x7f\xff\xba\xde\x99\xa1\xf0\x70\xfc\xe1\xae\x21\x2c"
	"\xbe\xeb\x25\x51\x49\xce\x2a\xa4\x87\xfa\x26\xb1\x4c\x55\xd5\xb5"
	"\xd6\xa9\xea\xd1\x32\x34\xf3\x3d\xe2\xbe\x0d\x8e\x32\x43\x48\xd3"
	"\x36\x09\xec\x61\xcd\x32\x2d\x54\xf3\xee\x2c\xb8\xfe\x2d\x8d\xc3"
	"\x01\xe1\xb1\xb0\xdc\x89\x08\x00\x77\x02\x21\xa2\x61\x4b\x6a\x9a"
	"\x5b\xc8\xd9\x39\x0c\x71\xe7\xe1\x35\x98\xb3\xca\x3a\x08\x18\x38"
	"\x57\x64\x49\x73\x8e\x33\xf8\xb4\x65\xe2\x63\x99\xb0\x1f\xc8\x8b"
	"\x93\x98\x2a\x2f\x56\x6b\xea\x1a\x99\x9e\x6f\xa7\x5c\x23\xd7\x24"
	"\x45\x6c\xca\xe9\x85\x11\x99\xcb\xb5\x0d\x4b\xfb\x81\x69\x2a\x73"
	"\x79\x01\xc1\x2d\x77\xe8\x14\xd4\xd4\x04\x4a\x65\x33\x61\x14\x02"
	"\x91\x00\xb7\x9c\x34\xcd\x03\xc0\x8f\x9b\xa2\x6e\x14\xfe\x76\xfd"
	"\xfe\x72\x03\xbf\x2e\xb7\xe7\xdf\xbf\xbf\x7e\x7f\x9f\x7c\x15\x44"
	"\x30\xac\xdb\x5d\x27\xef\xcf\xff\xf7\xf4\x5f\xd9\x27\x0c\xe2\xdb"
	"\x83\x2a\x15\xd6\x80\xdd\x63\xd6\x56\x42\xc0\x57\x6f\xcf\x56\x50"
	"\x11\x03\x6d\x04\x1b\x5e\x56\xce\x10\x25\x2a\x8b\xb3\x5a\x15\x84"
	"\xce\x36\x56\x90\xd6\xf1\xd4\x46\x6f\x57\xc1\xef\x99\xb3\xb3\x5e"
	"\xbe\xbb\xb4\xae\x70\x58\xf9\xc5\x69\x41\x3d\x26\x08\xaf\xb8\xd5"
	"\x2e\x26\x1e\xfb\xd0\xbc\x43\x01\xc5\x0b\x3c\xf7\x4d\xa1\x47\x98"
	"\x4f\xf2\xb5\x2b\xcb\xca\xc1\xd0\x04\x7a\x91\xd0\xb7\x1d\xe9\x76"
	"\x99\x85\x9c\x30\xa5\x81\xd1\x01\x85\xd4\xed\x72\x45\xa1\x98\x47"
	"\x40\x69\x40\xa9\xd9\x10\x8a\x49\x81\xcd\x87\x2a\xc4\xbd\x2c\x50"
	"\x90\x95\x18\x45\x87\xdc\xfb\x59\x09\x00\x1b\x58\xe5\x4c\xc0\xc2"
	"\xd8\x96\x42\xf9\xad\x50\x04\xb0\xdf\x69\x20\x77\xf5\x1c\x6e\xfb"
	"\xc1\x33\x00\xb8\xc4\x0b\x53\x2d\xfb\xb0\xd8\x24\xe8\x62\xf3\x16"
	"\x06\x3b\x65\x0b\xd9\x9f\x30\x75\xeb\x31\x1c\x66\x65\x92\x58\xf8"
	"\xbb\x7f\x29\x90\x92\x3c\xfc\x66\x1b\x49\xca\x8e\xe0\x17\x0b\x5c"
	"\x50\x1e\x7a\xca\xcb\x29\x1e\x9e\x14\xe5\x38\x59\xad\x2c\x58\xcd"
	"\xe6\x53\x2d\xf7\x40\x2d\x89\x55\xd6\xbf\x26\x94\x73\xff\x88\xa7"
	"\x55\x32\x35\x48\x03\x11\x34\x68\x89\xc6\x9c\xd7\x83\x05\x85\xe7"
	"\x66\x83\xcc\xbc\xc0\x5e\xb9\x95\xa8\xad\x7e\x60\x97\x31\x83\x8c"
	"\x9f\x3b\x38\x61\x51\x37\x18\x02\xf0\x0c\x85\x0f\xd4\x0f\x8e\x81"
	"\xed\x2e\x91\x77\x84\x2a\xb4\x50\x3b\x08\x2a\x44\xbd\x59\x7b\xe5"
	"\xd1\xca\x2b\xd4\x33\xc7\x34\x9c\x90\xbe\x1b\x58\x08\xaf\x22\xcb"
	"\x4b\x48\x90\x09\xab\x84\x5e\x7c\xe9\xf3\xfb\x27\xd3\xec\x82\x82"
	"\xd5\x7c\x75\xae\x02\x9c\x9b\x4f\x70\xdc\x23\x05\x0c\x1d\xf3\x5d"
	"\xa6\x4f\xb6\x8b\x39\x59\x4e\xcd\x9b\x64\xb6\x18\x24\x39\xe1\xbb"
	"\x6c\x36\x90\xd8\x71\xc5\xe2\x45\x13\x07\x64\xcb\x0e\x83\xc8\xa2"
	"\x2d\x8c\x49\x32\xdf\x4e\xa7\x0b\x87\x70\x3e\xb5\x6c\x96\x33\x92"
	"\x17\xa4\xa2\x0c\xb4\x5a\xb9\x31\xde\x7e\x76\x7f\xef\x86\xf0\x8c"
	"\x6e\x2d\xba\x92\x7d\xea\xaf\x17\x2b\xf3\xad\x73\x40\x66\xeb\x8d"
	"\x59\x04\x5c\x75\x42\xad\x59\x45\x04\x6d\x97\x9b\xa9\xe5\x16\x9a"
	"\x52\x56\x81\x55\xe8\xb3\xc3\xa2\x63\x0a\x27\xac\x37\x9b\x38\x66"
	"\xe2\x40\x38\x6f\x04\x26\x13\x85\x5a\x46\x16\x58\x49\xae\x78\x2f"
	"\x8d\x93\xce\x96\xa0\x1b\x25\x73\x7d\xae\x13\x54\x75\x21\xdb\xd1"
	"\xa4\x26\x3f\xc6\x42\xc2\xc6\xce\xdc\x6c\xec\xd8\xc9\x57\x2e\xb9"
	"\xa0\x1d\x74\x21\xd8\xc2\xbc\xde\xdc\x3b\x23\xd9\x2e\xfc\xf3\xda"
	"\x0d\x38\x9f\x97\x4e\x44\x1c\xd0\x6a\xb3\xdd\xe3\x90\x9c\x0d\x8e"
	"\x3f\xfe\xbe\xbe\x4f\xe2\x6f\xef\xb7\xb7\xef\x40\x6a\xf7\x3e\x79"
	"\xff\xc2\x76\x36\x9f\x27\xb7\xb7\xeb\xb7\x77\xa8\x98\xc9\xcb\xf3"
	"\xb7\xa7\xc9\x67\x36\x36\x9f\xff\x84\x7f\xe5\x8a\x62\x87\x45\x42"
	"\x9d\xdd\x31\x89\xc9\x02\x76\x72\xc3\x20\xdb\xa9\x13\x5c\x89\xb3"
	"\x8d\x3f\x6b\x7c\x9c\xf4\xad\x60\xbf\xdd\x9e\x5e\x26\x69\xec\x4f"
	"\xfe\x35\x79\x7b\x7a\xb9\xde\x58\xce\xbb\x06\xd5\x20\xb0\x79\x09"
	"\x1a\xcf\x26\x5c\x46\xfc\x38\x32\x04\x1f\xd9\xec\xdf\x0f\xed\x22"
	"\xda\xbf\xbe\xdf\xac\x42\xff\xfa\xf6\xd9\x94\x8c\x15\xff\xfa\xe7"
	"\xdb\x2b\x9b\xf1\xde\x5f\xdf\x26\xe4\xc6\x4a\x20\x53\x0c\xfe\x8f"
	"\x9f\x93\xf4\xdf\xd2\x21\xb0\xcd\x5f\xd0\x73\xd1\x12\xfa\x7b\xb3"
	"\x0e\x16\x08\x0e\xab\x82\x92\x73\xa5\xe9\x48\x9b\x1a\xce\xd8\x32"
	"\x12\x07\xad\xa6\x8d\x84\x54\xe5\x7b\x07\x1a\x30\x3b\x48\x99\x26"
	"\x00\xba\x0f\x0a\xdf\xb2\x09\x3b\x54\x29\xa0\x82\xe2\x58\x2d\xd6"
	"\x36\x93\xf4\x26\x9e\x9c\xee\xac\xd1\x80\x46\x59\x9a\x97\xdc\xc9"
	"\xf9\x6c\xb7\xc3\x76\x42\x8d\x7e\xd0\x0d\x26\xa7\x4a\x4c\x75\xa0"
	"\x35\x75\x43\x21\xb2\x69\x05\x76\x34\xdc\xf3\xdd\xf0\x07\x01\xb0"
	"\x95\x16\x79\x32\x14\xef\xfe\x62\x05\xf8\x8f\x81\xd1\x23\x31\xc8"
	"\xa8\x3f\x9b\x36\x4a\x23\xb5\xf5\x1a\x95\xdc\xc3\xdd\xd7\xdb\x7a"
	"\xb3\x5a\xdc\xa9\x0c\xf6\x94\xbf\xf8\xe6\x36\x84\x77\x7f\xb0\x19"
	"\xe9\xfe\x76\xfb\x31\xab\xd6\xcb\xea\xf6\x7c\xbb\x7e\xab\x7e\x7d"
	"\xb9\x7e\xfa\x83\xfd\xff\xfb\xd3\x9b\xc4\x01\x12\xe1\x1d\xaa\x37"
	"\xbc\x50\x11\x36\x5f\xb3\x10\x79\x08\x04\x26\xa0\x23\xb0\x22\x92"
	"\xb4\x57\x7d\x62\xe8\xdc\x5e\xdf\xd8\x60\x68\x47\x92\xf8\x39\xf1"
	"\x5e\x5e\x3f\xfd\x31\xa1\x57\xc9\xd0\x08\x62\x11\x3c\xce\x14\x69"
	"\x7d\x17\xb3\x7e\x2b\x4e\x9d\x9d\xcf\xca\x9f\x26\xec\x28\xe9\xff"
	"\x34\xf1\xae\xb7\xdb\x13\x3b\xce\xfd\x6b\x92\xbc\xfe\x25\x44\x5a"
	"\x9c\x40\x61\xc7\x1b\x58\xe6\xbb\xe4\xfc\xc5\xa8\x10\x7e\xb7\x7c"
	"\xaa\xbc\xfd\xe1\xcd\xc4\xf6\x4d\x7d\x66\x3c\x1d\xc2\x10\x95\xe7"
	"\x25\x38\xb5\x34\x68\x0d\x11\xca\x5a\xe5\xe3\xc0\x4f\x6b\x82\x01"
	"\x6b\xfc\x00\x49\xe9\xfa\xfe\x7e\x3b\x08\xb1\x28\x10\x15\xc8\xca"
	"\x92\xc7\xc7\x9c\x08\x02\x44\xe0\xaa\xd0\xb3\x49\x0a\x56\x04\xe0"
	"\x22\xf6\x2d\x5f\x83\xbe\xa4\x1d\x3d\xa5\xaa\x76\xe6\x4d\xc7\x65"
	"\x1d\xb7\xba\xab\xd0\xd0\xa0\x55\xe2\x21\xda\x6c\xe5\xac\x85\x62"
	"\x18\xb6\xa8\x5c\x2a\xa0\xf8\xd5\x12\x18\xfc\xa6\x3b\x9d\x8f\xff"
	"\x16\x4a\xd9\x7e\x3f\xf6\xa3\xe0\x92\x21\x5e\xa2\x1c\x05\x5c\xad"
	"\xee\xf8\x50\xae\x31\x8a\xf3\x40\xed\xff\xfc\xe1\x8b\xaf\x77\x62"
	"\x3e\x8d\x66\xe0\xa8\xc7\x20\x48\xc0\x21\xa9\xb7\xeb\xf1\x9e\x35"
	"\xb2\xda\x21\x00\xcb\x61\xd8\x9b\x53\x1a\xcc\x8e\x08\x9a\xde\xee"
	"\x5a\xc6\x02\x68\xfc\xca\xdc\xfd\x98\xdd\x69\x15\x87\x07\xfb\x70"
	"\x03\xd9\xcc\x86\x20\x9b\xc5\x62\x10\xb2\x1a\x86\xdc\x2f\x6c\x7d"
	"\xb9\x01\xdc\xeb\xbd\xb8\x91\x6c\x56\xd6\xd8\xb1\x75\x12\x40\xb8"
	"\x94\x7c\x9a\xeb\x51\xd7\x52\xdb\xae\x58\x82\x00\xb3\xbd\xa9\x25"
	"\x6a\x71\x1a\x24\xc8\x09\x38\xe2\xd2\x92\x38\x93\x38\x1c\xd4\x4a"
	"\xc0\x90\x2b\xe7\xfa\xab\xb0\x3c\xe5\xf5\xfc\x6a\xb6\x9d\x1a\x98"
	"\xad\xd5\x60\x00\xa7\x84\x1c\xfb\xa1\x87\xbc\xc8\x7b\xfe\x14\xb9"
	"\xeb\x0c\x9a\x03\xf1\xf3\xdc\xd1\xcc\x55\x8e\xb1\x25\x77\xe4\x24"
	"\xbb\x9f\xe5\x39\xf3\x52\xbd\x56\x60\x46\x3c\xce\x1c\xd3\xa5\x4c"
	"\xf4\xc7\xe3\x80\x61\xde\xf8\x21\x35\x88\xfa\x4c\x32\x9d\x68\x0f"
	"\xb4\x83\x94\x9d\xea\xec\x1d\x57\x03\xae\xc6\x02\xd7\x63\x81\xf7"
	"\x63\x81\x9b\xb1\xc0\xad\x6d\x72\xd3\x60\xd8\x5d\x29\xdb\xe9\xc8"
	"\x04\x17\xf6\x4a\x09\xcf\xd4\x2b\x2d\xb4\x01\xbc\x6b\x97\x67\x14"
	"\xf8\x40\x49\x1a\x59\x32\x0d\xbe\xb9\x8b\x0c\x78\xea\xf7\xa0\xf8"
	"\x60\x73\xf8\x05\xc3\x15\x11\x55\x5e\x4c\x71\x5f\xb4\x39\xbf\x3d"
	"\x62\x4b\x45\xbf\xb9\xe1\x52\xed\x18\x85\xf3\x0d\x77\xf0\xc4\x36"
	"\x91\xf5\x45\xad\x39\x63\x51\xc0\xcb\x75\x3f\x65\x05\x2d\x4d\xf9"
	"\xaa\x01\x6b\x0e\x90\x73\xd1\x84\x35\xb9\x75\xc9\x6c\x25\x69\x71"
	"\x51\xa2\x9a\xff\x49\xa2\x62\xe7\x25\xa1\x6d\x43\xd8\xa2\xec\xf3"
	"\x5a\x0d\x51\x5c\x46\x89\xc0\x24\xc8\xf5\x34\xb7\xf7\x1c\xea\xee"
	"\x0d\xe0\x79\xa1\xda\xa3\xfe\x29\x33\xfd\xfe\x72\x7b\x4e\x9f\x3e"
	"\x3f\x5f\x7f\x9a\x04\xcf\xef\x7f\xbe\x5c\xff\xf9\x89\x9d\xf3\xbe"
	"\x3e\xbd\x5d\xd5\xbd\x62\x10\x13\x2c\xed\xb5\x95\x15\x91\xb7\x1f"
	"\x78\x09\xa8\x80\x66\xd5\x3c\xd3\x92\x23\x06\x72\xe0\x94\x86\xa1"
	"\x19\x00\xee\x1f\x38\xeb\x2c\xb0\x20\x9a\x17\x84\x84\x6d\xd8\xe0"
	"\xbd\x72\xec\xf3\xb3\x06\x15\x66\x1b\xfb\x93\xe9\x06\xa0\x24\x34"
	"\x4f\x1b\x3b\x8c\x38\xdd\x89\x03\xf9\xc3\xdd\xf3\xd7\xbf\x57\x9b"
	"\x79\xf5\xf5\xf9\xcf\xe7\xea\xed\xfa\xd7\x84\xfd\x9e\xaf\x36\xdd"
	"\xef\xf7\xd5\x1f\xcb\x2f\xd7\x7f\xfe\xee\x42\x7e\xff\xb4\x9a\x2e"
	"\x56\x12\xe2\x6d\xb3\x5c\x7f\xee\x7e\x7f\x79\x9e\x2d\x16\xdb\xf6"
	"\xb7\xb6\xcc\x43\x13\xb1\xf4\xbc\xc0\xbe\x82\xf0\xaa\x03\x0b\x6f"
	"\xdf\x70\x57\xa6\xd0\x55\x37\x2e\x9c\xfa\x15\xd8\x88\x0c\x55\x36"
	"\x58\x3b\x0c\x03\x0d\xda\xab\x6a\x61\xe3\x20\x1c\x1a\xd9\x57\x36"
	"\x92\xfa\x01\x09\x58\xcb\x2b\x2c\x7e\x75\x68\x80\xcb\xb8\x17\x98"
	"\x06\x59\x1c\xf6\xa1\xf9\x2f\xfd\xc0\x14\x11\x60\xc8\xba\x28\x7e"
	"\xf7\x6a\x7c\xbd\x87\x4c\x63\xf9\x32\x8d\x77\xb5\x4b\xd6\x3b\x54"
	"\x58\x5e\x44\xb4\xd5\x7f\xb6\x6d\x7c\x4c\x5d\xee\xe1\x6e\xaa\xf4"
	"\x7f\x41\xa9\xed\xe7\xac\x36\x8b\x7e\xdb\x40\x14\xfb\x30\xde\xed"
	"\xd9\x09\x74\xbe\x58\x76\x9f\x82\xe0\x14\x07\x74\xff\x70\x37\x9b"
	"\x6e\xba\xf0\xba\x75\x40\x7c\x96\x93\x92\xc2\x2f\x7a\x16\x10\xcb"
	"\x9e\x65\xd4\xb0\xdd\x85\x4b\x3b\x00\x76\x2d\x9c\x99\x1c\xba\x42"
	"\x5e\x52\x5c\xda\xb5\x08\xf5\xbd\x0b\x1c\x7a\xb9\x8f\x9b\x01\xa5"
	"\x03\x38\x77\x2e\x53\xb8\x87\x05\x27\x46\x2c\x87\x25\x0e\xc0\x0c"
	"\xc7\xbd\x4d\xc2\xf0\xdc\x21\xc9\x85\xd2\xe1\xe1\x2e\x8f\x22\xad"
	"\x6f\x06\x45\xb8\x98\x0e\x26\x0e\x13\x16\xe4\x15\x0e\x28\xb5\x4d"
	"\x86\xb8\x4d\x1e\xfc\xf0\x5c\xed\x03\xe0\xbe\x0d\xf0\xb0\x5a\x45"
	"\x8c\xee\x63\x90\xf7\xce\xf8\x72\x0f\xe3\x77\xd2\xb8\x10\x1e\x38"
	"\xd5\xce\x07\xa3\x3e\x4a\xed\x29\xc4\x6c\x83\x54\xf6\x1c\x79\xa8"
	"\x99\x58\x96\xb6\xaa\x24\x61\x09\x59\x5b\x6a\x9b\xcb\x28\xe1\xd4"
	"\x20\xd0\x25\xf5\x71\xd2\x4a\x2a\x74\x5a\xac\x97\x4b\x6b\xaa\x12"
	"\x92\x2d\x76\xb3\xed\x6c\x14\x32\x65\x71\xce\x47\x23\x17\xa3\x91"
	"\xa3\xf2\x59\xd0\xe5\x6a\xba\x1a\x87\x5c\x4d\x37\xa3\x4a\xc4\xb7"
	"\x58\xeb\xb1\x48\xf5\x86\xc3\x8e\x5b\x4f\x1d\x0d\x43\x2e\x27\x7a"
	"\xbf\x19\x93\xa4\xdd\xa1\xb9\x09\xc8\x1d\x14\x8d\x42\x3b\x4e\x64"
	"\x12\x0c\x53\x5b\xaf\x63\xa2\xda\x79\xa2\x15\x11\x24\xf2\xe7\x05"
	"\x55\xfb\xac\x3c\x40\xda\xb5\x5d\x36\x82\xe3\x3e\x37\x2f\x9d\xd0"
	"\xf4\x62\xb4\x91\x35\x13\xab\xcf\x4e\xfc\x85\xea\x79\x84\x87\xb0"
	"\xc9\x95\xb2\x53\xcf\xdc\x62\xd2\xc8\x21\x69\x7a\xac\x8e\x2b\x8b"
	"\xa1\x6f\x1b\x0d\xc3\xcc\x16\x16\xeb\x15\x19\x34\x5f\x84\x46\xb3"
	"\x86\x06\x72\xaa\x8e\x8b\xe5\xd9\x90\x53\x8f\x32\xd1\x74\x6a\xff"
	"\xb6\xb1\x9a\xe4\x1e\x7c\x6a\x1d\xc7\xf5\xfa\x57\xf5\x63\xb1\xfc"
	"\xfb\x4e\xc7\xf2\xda\x99\xf6\xf6\x4c\x66\xdc\x8c\xe3\xe4\xbd\x94"
	"\x19\x37\x7f\xb8\xeb\xed\xb1\xcc\xc8\xc5\xc3\x9d\xb6\xf7\x32\xe3"
	"\x96\xd2\x76\x54\x11\xac\x6c\x82\x69\x35\xb7\x89\x66\x20\xea\x6d"
	"\xe9\x8c\x05\x01\xa4\xb6\x19\xb4\x14\xc4\x9e\xdc\xd2\x2e\x5a\x99"
	"\x44\x28\x40\x98\xfb\x34\x51\xb7\x3d\x5d\x5f\x26\x17\x22\xb3\x9b"
	"\xf2\x3d\x4c\xa8\xb9\xce\xac\xc3\xc4\xa8\xe7\xff\x0d\xad\x73\x1c"
	"\xe4\x95\xeb\xc5\x6c\xbd\x42\xd1\x47\xe0\xdb\xb1\x70\x14\xb0\x3e"
	"\x36\xfd\x10\x7a\xf1\x11\xec\xe8\x98\x0f\xf7\x8b\xe5\xea\x23\xe8"
	"\xfb\xd9\x07\xaa\x64\x39\x5f\x7e\x08\xbd\xfd\x08\xfa\x7e\xb9\xda"
	"\x9d\x7e\x19\xfb\x45\x70\xda\xde\xcf\x36\x1f\x43\x93\x0f\xc1\x97"
	"\x1f\x44\x8f\x06\x6f\xc6\x47\x9d\xf8\x1b\x06\x9f\xcf\x3f\x84\x9f"
	"\xcf\x3e\x8c\x3f\x07\x1f\xfc\x62\x74\x09\xa2\x74\x35\x7a\x5c\x44"
	"\x78\xb5\x9a\x4d\xc3\xd1\xb9\x4f\xe9\x16\x4f\x67\xf7\x63\xe1\xf9"
	"\x71\xb3\x99\x8f\x1e\x1c\x62\x4a\xe2\x67\xda\x71\x1f\xec\x50\x34"
	"\x9d\x8e\x1e\x4d\x1c\x3d\xff\x10\x7a\x74\x6f\x3f\x1d\x57\xb3\x19"
	"\x32\xa3\xd5\x19\x39\x8f\xb5\xe9\xd6\x07\x63\x27\xd4\xbf\x36\x4b"
	"\x83\x47\x33\x5f\x44\x23\x35\x7e\x41\x91\xe7\xf8\xa4\x4a\xbd\xfc"
	"\xac\x3e\xb4\xe1\xa7\x0a\x70\xcd\x65\x3e\x0d\x4a\xa2\x01\xc5\xb6"
	"\xac\x35\xb7\xe9\x8c\xd3\xb8\x4e\x5c\xd5\xe7\xb1\xe0\x23\x2a\x62"
	"\x94\xd9\x6b\xf9\x67\x1c\xda\xb6\x90\xbe\x5f\xf6\x6b\xb4\x21\x66"
	"\x31\x2b\x8f\x00\xb1\x0b\xb3\x38\x04\x0a\x70\x53\xd1\x69\x08\x9e"
	"\x90\x49\x45\xcb\xb8\x7f\x11\xfb\xf4\xed\xfd\x55\x7d\x1c\x26\xb4"
	"\x5a\x62\x41\x75\xd7\x80\x00\x81\x76\x3b\x06\x55\x21\x5c\x4f\xdf"
	"\x7d\xfe\xfe\xf5\xeb\x3f\xd2\xa1\x55\x55\xb7\xf0\x57\x8d\x61\x91"
	"\xa7\x21\x75\x5c\xa1\x72\xd4\xbe\xb4\xab\x2d\x52\x7f\xb1\x9c\x4d"
	"\xad\xb6\x25\x5a\x9a\x09\xc1\xc4\xa1\xe7\x05\x0a\x69\xae\xea\x1c"
	"\x42\x82\xd4\x95\x2b\x9f\x1d\xc6\x56\x0e\x65\x78\x42\x8b\xc5\x74"
	"\xe1\x12\xaf\x56\xf6\x0b\x31\x42\x0f\x8b\xf3\xec\x0c\x17\x0a\x23"
	"\x0a\xbd\xbb\x14\x39\xf1\x73\x6c\xbf\x2c\x05\x84\xab\x34\x31\xdd"
	"\xcd\xa6\xb3\xe9\xa8\x8a\x4b\xd1\x2e\x0b\xa9\xa3\x55\xd5\xcc\x0d"
	"\xc2\x79\x1b\xa3\x9d\x2b\x7b\xe8\x90\x4e\xb7\xdb\x99\xbd\xb6\xf7"
	"\x27\xdb\x85\xb2\x9a\x19\x0f\x0d\x75\x47\x40\xb8\xb2\xe2\xa5\x78"
	"\xbe\x99\x8e\x6c\x18\x42\x43\x2c\xec\x41\x47\x55\x15\xbc\xb7\xe3"
	"\xaf\xf4\x32\x56\xcb\x39\x28\xe0\x1c\x1d\x24\xc4\x00\xb7\x65\x55"
	"\x8f\x98\x96\x68\x20\x3e\x44\x9d\x1d\x24\xc3\x07\x97\x1c\xde\x48"
	"\xb9\xe4\xbb\xc4\xdd\xc0\x19\x81\x8b\x71\xee\x3c\xd9\x85\xc3\xb1"
	"\x7f\x28\xb1\x0b\x51\xeb\x72\xf3\x22\x86\x0b\x7e\xa1\x37\x77\x4d"
	"\x2e\xbc\x9a\x9b\xae\xed\x42\xd2\x38\xa1\x02\xe6\x42\x81\xd9\xb8"
	"\x33\x1a\x82\x8a\x6a\x64\xa3\xf1\x19\x57\xc3\x36\xc6\x2b\x28\x83"
	"\x5e\x2a\x59\xb3\x88\x80\xff\xa7\xec\xda\x9a\xdc\x46\xb5\xf5\x5f"
	"\xe9\xca\xc3\xa9\x99\xaa\x99\xbd\x2d\xb9\x6d\xab\x1f\xf2\x80\x11"
	"\xb6\x19\xeb\x16\x81\x6d\x75\xbf\xa8\x7a\x12\xef\x49\xd7\xc9\xad"
	"\x3a\x9d\xb3\x93\x7f\x7f\x58\x20\xcb\x02\x71\x51\x3f\x4c\xa6\xcd"
	"\xfa\x04\x08\x10\x2c\x60\xad\x6f\xa9\xbe\x92\x1b\x26\x6f\xae\xed"
	"\xe6\xc0\xe8\xa4\x2f\x66\x5b\x1f\xdb\xf1\xc9\x82\x0b\x9c\xbf\x06"
	"\xfd\x1a\xac\x32\xd5\x91\x6b\xc5\x2b\xaa\x53\xa3\xa3\x5c\x49\xa7"
	"\x3e\x30\x18\x35\x13\xd0\x87\x42\x8c\x57\x0a\x0b\xd8\xf4\x12\xba"
	"\x67\x60\x3e\x7e\xf5\x43\x62\x92\xf4\x3d\xa3\x6c\x41\x2e\x48\xdf"
	"\x18\x1c\x54\xc2\xfb\xcd\x82\xde\x57\xf2\x23\xc1\x3e\x94\xbc\x2b"
	"\x08\x60\xb6\xa2\x42\xe1\x9c\xba\xee\xf2\x41\xfa\x61\xe0\x03\xa9"
	"\x5e\x9c\xd0\x00\xe3\x7c\xd4\x55\xe1\xd7\x0f\xe7\xcf\x37\xff\x03"
	"\x7c\x8f\x5f\xce\xef\x5f\x9e\xfe\xef\xe9\xe5\x97\x7e\x47\x88\x31"
	"\xa6\xdd\x4c\x63\xe8\xc4\x79\x1a\xf5\x5a\x59\xbc\xd0\x25\xfd\x2e"
	"\xfe\xed\x4c\xbb\x30\x06\xce\x06\x9c\x17\xc6\xe5\x0e\x51\x85\xc8"
	"\x7b\x32\x9b\x04\x67\xa9\x1e\x3d\x78\x20\xc2\xd4\x79\x8f\xad\x00"
	"\xf1\xd8\xca\x8b\x82\x53\x29\xbe\x58\x6b\x89\x39\x51\xfa\x68\x48"
	"\x3a\x56\x82\x9d\x5a\x21\x58\x6b\x5b\x15\xd5\x35\xa7\x1b\x43\x75"
	"\x2d\x85\x0e\x3f\x52\xfd\x21\xb1\xbf\xc3\x5f\xc6\x33\xcf\x1d\x8b"
	"\x8e\x4c\xa6\x21\x57\xcb\x65\x32\x35\xcf\xf9\xe4\xd2\xe7\xf1\x14"
	"\x24\x5c\x0b\xdd\xb3\x76\xb9\xf2\x58\x57\xd8\xe0\xcb\xf9\xeb\x72"
	"\x4f\x5e\x07\xbf\x7b\x5d\x65\x16\xaf\x83\x47\xaf\x80\x27\xd1\x72"
	"\xf5\x3a\xf8\x6b\x5e\x75\x7e\xb7\x7c\x5d\xbb\xaf\xa2\x57\xc1\xe7"
	"\xaf\x6c\xc8\xd7\x75\xd3\xea\x75\xb9\x27\xaf\xaa\xbb\xcf\x8c\xce"
	"\x06\x5f\xbc\x0e\xee\x34\xaf\xb3\x82\x57\x9e\x49\xa1\x47\x25\xaf"
	"\x1a\x86\xc9\x5d\xb8\x06\x6f\xdf\x0c\xaa\xf0\x66\x8c\x01\x1b\x10"
	"\x69\xe7\x31\xb2\x19\xe8\xf2\x30\x28\x62\x46\x80\x35\xb7\xbf\x18"
	"\x2a\x78\xe0\x39\x60\x3b\xb1\x4c\x9e\xed\xb6\x62\xb6\xe4\x93\xd8"
	"\x34\x8c\x8c\xa8\x10\x63\x55\x49\xc5\x4e\xa2\x8e\x82\x27\x41\x03"
	"\x70\x1c\x38\x07\x80\xb2\xc4\x96\x1c\x3b\x6c\x5b\x76\xb8\x3a\x2e"
	"\xf1\xa5\x46\xfa\x15\x79\x21\x76\xbd\xa4\xa5\x29\xb6\x9d\x5b\x6c"
	"\xad\xdc\x20\x52\x2d\xa8\x9c\x86\x93\x20\xaa\xc9\x96\x4a\x22\xa6"
	"\xce\x9b\xc1\x93\x0b\xc9\x8d\x4a\x6d\x14\x79\x90\x99\xd8\x0d\x0f"
	"\x39\xd1\x2f\xc4\x6f\xa3\xfb\x05\x60\x31\xdb\xef\x1e\xc2\x97\xe6"
	"\xa4\x96\xe1\xec\xbb\x40\xd7\x53\xcc\x08\xc0\x70\x68\x3e\x9f\xaf"
	"\xd4\x70\x9e\xf2\x80\x58\x9c\xa9\xd4\x72\x0d\x4a\x08\x17\x2c\xad"
	"\x8f\x96\x9e\xc9\x75\x86\xb7\x0d\x76\x56\x60\xa8\xb9\x00\x4c\x99"
	"\xb7\xf7\x84\x23\x9a\xc6\x93\x0e\x0d\x87\xbb\x23\xa8\xf7\x3f\x9e"
	"\x35\x7d\xaa\x3f\xb0\x72\xd9\x4b\x81\x60\xeb\xb0\x40\x06\xed\x04"
	"\x8c\x1e\x1c\xa6\x58\x92\x77\xc4\x2d\x3f\x6d\xd2\x96\xe9\x52\xfd"
	"\x54\x01\x55\xd5\xf0\x69\xf7\xa6\x2e\x65\xaf\x00\x76\x9e\xed\x0e"
	"\xfc\xf0\xcd\x6b\xe0\x56\x4f\x2f\x56\x1d\xec\xb0\x16\xd3\x15\x27"
	"\x86\xf5\x2a\x63\x79\x1f\xfc\x71\xfb\x70\xb3\x7f\x3e\x9f\xaf\xad"
	"\x2b\x69\x29\x94\xfb\x86\x0c\xd4\xdc\x9f\x1d\x1a\x2a\xa5\x57\xba"
	"\x7d\x10\x3b\x0a\x5a\x8c\x12\xb5\xa8\x4e\x5d\x9a\xf2\x45\x75\x24"
	"\x43\xfc\x94\x91\x48\xf3\x97\xee\xd2\xf6\xca\xf3\xfa\x3a\x3b\x3c"
	"\xc8\xf3\xdc\x13\xe5\x3b\xd3\x0a\x44\x9f\x10\xfa\x8f\x52\x36\xf5"
	"\x48\xb5\x17\xed\xc3\x9f\x7f\x7c\x1f\x8e\xbf\xbe\x85\xfa\x17\x1a"
	"\xe4\x08\x89\xb2\x17\x3a\x9b\x1a\x2b\xbd\x46\x07\x90\xdf\x79\x7d"
	"\xa8\x78\xab\xb1\x23\x8c\xa4\x1b\xfa\x4e\xd2\xe5\x98\xa3\xad\x10"
	"\x05\x64\xa8\x3d\x86\x47\x91\xfc\x54\x50\x61\xb0\x77\x9b\x03\x5f"
	"\xee\x7c\x4f\xae\xb1\x0d\xa6\x8c\x70\x37\x9e\xb7\xc5\x11\x3c\x93"
	"\xc5\xa2\x04\x7b\x0a\x83\xbb\x5a\x3f\xa4\x39\xae\x63\xab\x39\x92"
	"\x6c\xda\xf2\xe5\xe3\xf9\xf9\xa6\x3a\x3f\x3f\x7d\x13\x7f\x3c\x7e"
	"\x1a\xd0\x9d\x90\x86\x63\x69\x12\xb9\x07\x77\x2f\xc3\x7b\x81\xad"
	"\xa5\x05\xea\xc8\x90\xad\x17\xb4\x62\x16\xc9\x0f\x2e\xbb\xb5\x2b"
	"\xec\x30\x6f\xb5\x68\xf1\x36\xa9\x11\x1d\xb6\xc4\xd5\xdd\x72\x16"
	"\x45\xe6\xe1\xf2\x35\x42\x32\x56\x74\x7a\xda\x09\x3b\xa4\xd6\x3c"
	"\x5a\x45\x91\x33\xb2\x34\xb6\x18\xd6\x0c\xa5\x63\xd3\x97\x3e\xd9"
	"\xe1\x1b\x5c\xa5\xd2\x97\x03\x82\x2c\xdb\xfc\x6e\xa5\x27\xdb\x49"
	"\xd2\x11\x66\xb0\x63\x1c\x04\x44\x90\xb2\xb4\x3d\xae\x0f\xd2\xfd"
	"\x16\xbe\x73\x5e\x1e\xf8\xdb\x48\xdf\x9f\xaa\x66\x3a\x21\xc5\x69"
	"\xc8\x0d\x2e\x7a\x3b\xa2\x5d\xdf\xb7\x15\x5e\x3b\xb8\x93\x76\x14"
	"\xe3\x43\x65\xeb\x57\x4b\x38\x67\xe3\x66\x2a\xb5\x7d\x68\xd2\x28"
	"\xa6\x00\x72\x09\xf1\x85\x01\x9f\x78\x7b\x44\xd9\x81\x88\x8d\xf6"
	"\x62\xc8\x44\x89\xf7\x9d\xf9\x50\x37\x13\x64\x55\xb2\x70\xec\xc0"
	"\x2c\xe0\x7c\xbe\xbc\xb3\x83\xa1\x56\x3e\x63\xf9\x4e\xae\x2c\xf2"
	"\xfc\x88\xea\x94\xfb\x01\xce\xdb\x8e\xce\x6e\x7c\x9d\x89\x59\x20"
	"\xaf\x48\x2d\x1d\x05\x5d\x3a\x0f\xd8\x20\x0e\x8d\xab\x6b\x7e\x9b"
	"\xcc\x23\xd4\x51\xb5\xe8\x07\xbc\x35\x6f\xa0\x5a\x21\x9b\xc5\x93"
	"\xb1\xfa\x40\x70\xc8\xb2\x1d\x99\xa6\x22\x31\xff\x80\x6e\x2d\xc9"
	"\xcb\xd5\xb9\xae\xdd\x2f\x05\x1e\x97\x8b\xa2\x6b\x9a\xaa\x29\xca"
	"\x7c\x97\x47\xa9\x83\x1b\x5d\x89\x5a\x02\x5a\xad\x8b\x57\xa0\xc3"
	"\x5c\xfa\x1e\xb0\xf6\xaf\x6f\x53\x1e\x6a\x69\xb4\x0d\x01\x28\x5c"
	"\x41\x7e\xf2\x52\x28\xa2\xa0\x70\x40\x91\xde\x39\xfc\x02\x04\x12"
	"\xc0\xd0\x64\xaf\x7c\x13\x1c\xdd\x51\x4b\xf2\x13\x75\x6a\x25\x29"
	"\x6d\x34\x67\xe2\x86\xd7\x24\x27\xd2\x30\xd4\x70\xd7\x37\x4e\xe7"
	"\x4a\x49\x4e\xd1\x45\x17\x27\x1e\x17\x50\xa5\x25\xe4\x65\x08\x82"
	"\xb6\xe5\x68\x81\x10\x4b\xc3\x7f\xbe\x3e\x7f\x7e\xfc\xf2\xfe\xfc"
	"\xc7\xc5\x7f\xf3\xf1\xcb\x87\x1b\x2e\x96\x8b\xcf\x8f\x9f\xf4\x13"
	"\x36\xe0\x9f\x2e\xeb\x1c\x62\x5e\x5f\xbd\x0a\x0d\xb9\xd5\xb1\x4d"
	"\x0a\x64\x94\x3c\x9d\x35\x48\x69\xba\x35\x84\xa2\x75\x0f\x27\x78"
	"\x38\xdf\xd6\x30\x3f\x42\xc8\xc2\xb2\x64\x9e\xdb\x73\x31\x81\x5d"
	"\x0a\x72\x7d\x2c\x50\x97\x72\x2d\xd9\x5d\x8c\x33\xbc\x9a\xb0\xfb"
	"\x91\xd3\xd1\xa6\x62\xdb\xd2\xb8\x3a\xd7\x01\xb5\x6b\x93\xc4\xc1"
	"\x7e\x5c\x8c\x29\x79\xc2\xa6\x58\x01\x9e\xbe\xfc\x62\xbf\xbe\xeb"
	"\xcd\x2a\x36\x48\xf7\xd2\x11\x0d\x3b\xbf\xb8\x21\x04\xe7\xb7\x21"
	"\x15\x75\x80\xee\x38\xea\xec\x4a\xfc\x00\x07\xe7\xfe\x26\x06\xee"
	"\x5a\x95\x23\x61\x51\x72\xea\x78\x96\x55\x79\xb0\xd6\x80\xa9\x32"
	"\x3e\xb5\xda\x00\xd7\x75\x82\xb1\x78\xee\xd9\xe0\xa9\xdd\x07\x70"
	"\x86\xe1\x49\x45\x5d\xbc\x24\xdf\x5c\xa8\xa9\xfe\xfe\xf1\xcf\x1f"
	"\x37\x9f\xbe\x8a\x7f\x5e\x9e\x1f\xdf\x9f\xf5\xee\x42\x7c\x73\x25"
	"\x3e\x1c\xa6\xe7\xb9\x71\x10\x00\x77\x5e\x52\x43\x35\xf6\x06\x55"
	"\xce\x4f\x68\x34\xd0\x72\xe2\x1e\xd7\xdb\x3d\xed\xd8\x01\xdd\xb7"
	"\xad\x62\xc5\x54\xfe\xc2\x32\xce\x9c\xb7\x79\xe0\x9b\xb3\xb6\x0c"
	"\xf8\x71\x8c\x66\x7b\x08\x49\x61\xe3\xfb\x1d\xbe\xbb\x50\x7e\xad"
	"\xfe\xf1\x20\x40\x24\x1d\x27\xd2\x4a\xe8\xca\xa3\x05\x0f\x24\x07"
	"\xee\x29\x64\x87\x8a\x6d\x4a\xc6\x2b\x52\xb6\x76\x5b\xa8\x83\xb0"
	"\x15\x9d\xe3\x9b\x6e\xc1\x19\x7b\x5b\x3b\x6d\x5d\x40\xd8\xd1\x8e"
	"\x8c\xed\x64\xa4\x30\xe4\x10\x2e\x0a\xc7\x3e\xe2\x92\x1e\xe4\x9e"
	"\xc5\x73\x1a\xca\xe0\x48\xd7\xa2\xef\x3d\x57\x51\x90\xc7\xfa\x94"
	"\x79\xe5\x79\xe5\x32\xe8\x87\x8d\xae\x9a\x5b\x47\x9e\x96\xd0\x2f"
	"\x56\xcf\xbb\x81\xa0\x4d\xd7\xe3\xcd\xfc\x55\xea\x3e\x2a\x51\x6f"
	"\xdd\xf2\x1d\x11\x8b\x4f\x66\xcc\x43\x2a\xb1\xad\xc4\x26\x8d\x22"
	"\xf1\x71\xe2\x3c\x35\x0d\x50\x87\x4f\xbb\xbc\xc8\xe4\xc1\x22\x0c"
	"\x11\xb8\x2d\xde\x8e\x0c\x56\x11\xe3\xa0\xaa\xf7\xc7\x46\x8e\x9a"
	"\x76\x8c\x81\x40\x81\x67\xcc\x0e\xf0\xf4\x28\x9d\xa4\x54\x7c\xaa"
	"\x7b\xc5\x88\x08\x5c\xab\x43\x2a\x48\x51\x16\xb8\x78\xec\x6d\x69"
	"\x8a\xa6\x03\x8e\x4a\x4b\x73\x11\xee\x0c\xc3\xe8\x30\x3c\xab\x9e"
	"\xde\xd6\x0c\x3b\x0d\x99\x2e\x98\x53\x45\x82\x98\x74\x02\x26\xdf"
	"\xac\x83\x98\x4d\xea\x5a\x41\x06\xa0\x8b\x75\xf2\xa4\x25\x24\x17"
	"\x7b\x9c\xe0\xb2\xa4\x40\xfe\x75\xa9\xe6\x57\x66\x45\x43\x07\xce"
	"\x68\x21\xf6\xae\x30\x29\x75\x2c\xcf\xae\x31\x21\xf9\xd5\x4a\x60"
	"\xfc\x2c\xcd\xe9\x51\x97\x49\xe6\xba\xb7\xb3\x9f\x33\xb1\xfb\x4d"
	"\x37\xb3\x99\x07\xa9\xb8\x92\x7f\x46\x06\x48\xb4\xa4\x1c\xa2\xe0"
	"\x14\xab\xb3\x64\x4a\xf1\x7a\xcb\x4b\x23\xed\x58\x3a\x4f\x23\x40"
	"\x24\x89\x55\xc0\xd1\x2d\xa4\x11\x03\x38\x26\xf1\x7e\x12\x10\xe5"
	"\xe8\xa1\x2c\x02\x7d\x09\xc0\xed\xd1\xe1\x3a\x0f\x42\xe0\x8c\xae"
	"\xd2\x7d\x5b\x1c\xf2\xb5\xf8\xac\x66\xa6\xbc\xc2\x39\xee\x18\x48"
	"\xfb\x4c\xde\x7c\xf9\xfa\xe5\xfc\xc6\x44\xc2\x5e\xe7\xca\x95\x70"
	"\x7e\x9e\xc5\xba\x87\x69\x8a\xcc\xb1\x0b\xdf\x6b\x85\xe4\x71\x8e"
	"\xf8\x73\x48\xa7\x77\xf9\xd8\xdd\x52\x49\x6d\xb2\x2b\xab\x2e\xf8"
	"\x56\x4f\xd1\xa6\xab\x19\x5b\xd1\xe8\x23\xd3\x4a\x48\x3c\xce\xad"
	"\x56\x8f\x62\x40\x63\x63\x4b\x75\x39\xc5\x78\x30\x78\x07\x65\x42"
	"\x2b\x74\xd3\x6a\x53\xb0\x76\x79\x6b\xf0\x05\x69\x28\x70\x9b\x06"
	"\x66\x5c\x68\x49\x45\x13\x52\x00\x45\x2d\x1d\xaa\xf8\x0a\x49\x4f"
	"\xb4\x95\xf4\xb5\x6f\xe7\xf3\x64\x2c\x52\xeb\xfd\x7c\x7e\xa7\x8b"
	"\xd8\x29\x55\x22\xf1\x91\xb7\x58\x34\x19\xc5\xc3\x29\x9e\x3f\x18"
	"\xc7\x7f\x32\x41\x06\x4a\xb0\x7f\x71\x9d\x5c\x54\x74\xc8\xbd\xd9"
	"\xbf\xb1\x8c\x6f\xa5\x13\xc1\xf3\x07\x5a\xeb\x67\x49\x0f\x86\x9d"
	"\xa6\xd1\x70\xbb\x92\x9b\x61\x85\x7a\x39\xec\x4f\xb8\x7e\x06\x3b"
	"\x48\xbc\xd4\x2b\x32\xb3\x7c\x87\x3b\x82\x44\x38\xed\xc3\x7b\x38"
	"\x4b\x29\xd0\x96\x00\x81\xa8\xa7\x22\x6e\x0b\x5a\x51\x26\xc3\x39"
	"\xf2\x3e\x5b\x65\xa5\x58\x15\x1f\x90\x4d\xeb\xb9\x9c\xff\x5f\x3e"
	"\x8a\x85\x43\x70\x09\xea\xfb\x66\xf1\xaf\xd9\xbf\xae\x3e\xa1\xaa"
	"\x08\x5c\x1d\xe4\x50\x17\xcb\x5e\xc1\x68\x37\x64\xae\x4e\x52\x9d"
	"\x2f\x10\xa8\xb6\xca\xa4\xc6\x53\x5b\x7e\xcc\x9d\x23\x94\xe5\x70"
	"\x2f\x82\x64\xb4\x95\x0a\xaa\xc5\x38\x70\x28\x57\xa2\xfd\xd8\xdb"
	"\x68\x66\x8e\x44\x35\x46\x99\x9c\x3d\xd4\x9f\x6f\x97\x8b\xc5\x7c"
	"\x61\x16\xd9\x1d\x87\xc1\x5b\xd8\x8f\x1f\xd2\x1c\xc1\x25\xcb\x8e"
	"\x20\x58\xc1\x62\xf0\xd3\xf5\x10\xc5\x73\xcd\x15\xf9\x9a\x08\x07"
	"\x01\x19\xc4\x0b\xb0\xb5\x0d\xc8\xad\x21\x26\x18\xc4\x30\xe9\xa2"
	"\x4b\x5c\x69\xd9\xfa\xa0\x85\x8c\xc2\xfe\x5c\x0b\x43\x88\x68\xda"
	"\x02\x79\xaa\xb5\x8e\xe2\x81\x41\xe5\xe0\x71\x65\xc6\xa2\x65\xf8"
	"\xee\x42\x51\x66\x08\x20\x86\x42\x2b\xbd\x7e\xae\x55\xeb\xea\x74"
	"\xf3\xf2\xeb\xdb\xf9\xe6\xb7\x0f\x4f\xdf\xff\x57\x6c\xa5\x1e\xbf"
	"\x9d\xff\xb8\xc1\xe9\x9f\x75\x99\xff\x7e\xad\xed\x85\x08\x93\x69"
	"\xf5\xc5\xbb\x5a\xa5\xda\xc7\xff\x45\x5c\x32\x07\xa0\xcf\xb5\xf6"
	"\x3e\xcf\xb6\x7e\xb1\x83\x00\x4d\xbe\x37\x68\x5f\x1c\x15\x8e\xf8"
	"\x38\x12\x02\xdb\x44\xfb\x34\x25\xc5\x0c\x43\x74\x9e\xce\x61\xfc"
	"\xda\x78\xfc\xc2\x10\xa8\x19\x85\xab\x27\x2a\x3a\xee\x45\x1d\xb2"
	"\xc1\x21\x04\x95\xff\x06\x40\x0c\xb1\x29\x90\x8c\xae\xc5\xff\x3c"
	"\x98\xba\xf2\x0e\x3b\xeb\xf0\x57\x15\xe4\xd8\x11\xbe\x58\x4a\xe5"
	"\x94\x2a\xdd\xcd\x5c\x39\x1f\x36\x6c\x87\x53\x63\xb0\xaa\xc4\xeb"
	"\x26\xe0\x97\x51\x5f\x21\x6f\xd3\x13\x16\x85\xf7\x18\x4f\xfe\xbd"
	"\x06\x6f\xcd\x67\xed\x18\x5d\x3d\xa0\xdb\x31\x7b\x5a\x6f\xbf\x73"
	"\xc4\x9f\xec\xf3\x90\xb4\xe3\x0e\xef\xef\x1e\xa4\xd6\x16\xe3\x16"
	"\x06\x6a\x28\x8d\xcb\x68\x69\xde\xb1\xa9\x29\xc0\xb9\xba\x48\xb1"
	"\xba\x3c\xf4\x8d\x7d\xd5\xb1\x52\x0d\xa3\xc8\x0d\x4c\x3d\xdf\x58"
	"\xc9\x40\xa1\x15\x6b\x07\xb2\x9f\x3d\xc8\x7b\xc2\x0a\xb8\x78\x6d"
	"\x3d\x8a\xb8\x95\xd0\x2f\xb5\x71\x30\xe7\x0e\xda\x61\x17\x59\x7d"
	"\x4f\x58\x9c\x4b\x02\x3e\x3e\xbc\x89\xbd\xca\x74\x8a\xf4\xc1\x1c"
	"\xea\x58\x51\xdc\x24\xac\x50\xcc\x46\x8f\xd9\x79\x81\x77\xdd\xa8"
	"\x54\x86\x5a\x1a\x0c\xba\xe8\xcf\xc4\x23\x87\x02\xd6\xec\x8a\xa4"
	"\xf6\x52\xe4\x50\x19\x6d\xd3\x4f\x62\x85\xb3\x93\xba\xf7\xbc\x95"
	"\x7b\x72\x3f\xe4\x8a\x6f\x59\x81\x2a\x26\x54\x25\xa3\xc6\x7c\x47"
	"\x0b\x58\x32\x8e\x14\xf4\x07\x4f\x3d\x47\x0d\x3f\x14\x4a\x33\x48"
	"\x2f\x42\xec\x15\x5d\x22\x08\x9e\xe7\x38\x23\x11\x52\x58\x29\x5d"
	"\xb2\x07\x52\x97\xce\x5c\x41\xb3\x04\xcb\x24\x77\xd7\x1a\xa4\xe1"
	"\x83\x3e\x51\x7a\xb3\xde\x52\x9b\x0c\xd9\x83\xc7\xa5\xf2\xc8\x52"
	"\xc5\x57\x1f\x3e\xa0\x12\xe1\x46\xd8\xf7\x90\x98\x75\xb0\xd6\x51"
	"\x17\x02\xd2\xcb\xe3\x30\x9d\x88\x39\xa5\x2c\xe4\xe9\xa5\xea\x5c"
	"\x75\x83\x90\x1a\x05\x7a\x28\x42\x53\xb5\x59\x95\xfd\xc4\x5c\x08"
	"\xd8\xaa\x6e\x6b\xfb\x8d\x39\x0c\xf8\xf2\xa4\x55\x14\x42\x4b\x68"
	"\x7a\x7a\x17\xec\xde\x7e\x98\x59\x10\x3e\x36\x06\xa6\xd4\x88\x94"
	"\xa9\x76\x02\xd7\xcf\xbd\x2c\x52\xfb\x82\x2d\xbd\x95\xf5\x30\x53"
	"\xdb\x03\xaa\xb5\x26\xe9\x13\x3d\x73\x27\x79\x27\x76\xd4\x62\xf3"
	"\x6e\xe5\x04\xd8\x8c\x42\xf9\x72\xe2\x3a\xb4\x44\xd8\x19\x0a\x91"
	"\x56\x4e\xd1\xb1\x71\x49\x20\x3c\x81\x83\x1c\x60\xcb\x2b\x57\x1d"
	"\x18\xc1\xae\x60\x31\xdd\xe9\x94\x4d\x6f\x3f\x68\x3b\x01\xf1\xb3"
	"\x3d\xca\xde\xa8\x85\x3e\xd7\x5a\x1f\x39\x12\xbe\xd3\x02\x47\x2b"
	"\xd3\x15\x57\x0c\xe6\x22\x33\x5c\x8f\x94\x26\x05\x01\xa0\xae\xfc"
	"\xcb\x1f\x74\xf2\xdf\xf4\xe9\xfb\xcb\xf3\xd3\xdf\x3f\x80\xea\x98"
	"\xfd\xf7\xe9\xe5\xfd\xc7\x1b\xf4\xfc\xfe\xe3\xd3\xcb\xf9\xfd\xcb"
	"\x8f\x67\x6b\x14\x37\x02\x87\x8a\x46\x1d\xfa\x55\x86\x96\x9d\x35"
	"\xfa\x60\xfc\x41\xa2\x0a\xdb\x71\x6d\x44\x99\x86\x61\x62\xa6\xa2"
	"\x41\xed\x0d\x2d\x31\x94\xaf\x91\x8b\xd6\xb2\xcb\x58\x9a\x53\xb8"
	"\x89\x34\x86\x28\x08\xee\x51\x13\x4f\x76\x3b\x0a\xda\x24\xf1\xd6"
	"\x29\x67\x18\x38\x90\x68\xee\x86\x94\x98\x93\xd2\x16\xf2\x4f\x6c"
	"\x98\x84\xf6\x38\xd0\xcf\x4e\x22\x45\x8b\xe3\x4d\xe0\x2e\x8f\xca"
	"\xfb\x2b\x83\xb9\x57\x9d\x99\x50\x7a\x03\xe9\xee\x28\x7b\x28\x4f"
	"\x9d\x9c\xbf\x48\x7c\x88\x85\x50\x2c\xdc\x80\x26\x49\x56\x77\x4b"
	"\x37\x6b\x30\xe2\xc9\x6c\xde\x38\xc5\xa2\x4f\x57\x4d\xe3\x95\x27"
	"\x2b\x9f\xbc\x16\xdb\x4f\x5c\xe6\x4e\x00\xa6\x18\xa5\xee\xfa\x63"
	"\xc9\x1d\xec\x96\xa7\x48\x0c\x4e\x4f\xf6\x69\x95\xcc\x93\x38\xf6"
	"\xca\x39\x4e\xa2\xc8\x9f\xc3\x6d\xe2\x97\x2f\x57\xa6\xbc\x0f\xf7"
	"\xd7\x10\xd9\x7d\xda\xd6\x00\x57\x19\x1c\xae\x39\x72\x84\x15\x25"
	"\x6b\x9b\x13\xba\x77\x42\x32\x31\xaa\x09\x8f\x66\x51\x84\xdd\x18"
	"\x88\x03\xe8\xe2\x8a\x46\xb5\xd0\x6a\xb3\xa0\x3c\x9a\x6d\x83\x98"
	"\x24\x79\xe7\xc6\x50\x5c\x93\xcc\x2b\x2e\xa5\x39\x68\x18\xc1\x23"
	"\x3f\x88\xc1\xb5\x8f\x0b\x51\x48\xcf\x2b\xe4\xae\x49\xd1\x88\x12"
	"\xfe\x42\x51\x34\x9b\x39\x31\xef\xbc\x45\xd4\x04\xb8\xe8\xf7\x1e"
	"\x79\x41\x60\xb3\xe9\x94\x0b\x8d\xd7\xdb\x14\x4c\xcc\x53\x6e\x21"
	"\x27\xd1\xac\xa9\x1c\x41\x9d\x6a\x24\xe6\x77\x8a\xdd\x85\x1f\x41"
	"\xc3\x01\x26\x6b\x87\xbc\xa1\x19\x2d\xc4\xa4\x2c\x66\xab\xb8\x86"
	"\x7f\x1d\x27\xe3\xab\x85\x98\x4b\xb6\xec\xe4\x1b\x0c\x7b\x96\xdc"
	"\xdd\x2d\xac\x34\xe5\x55\x35\x38\xd8\x17\x3f\xc4\xee\x13\x26\x0f"
	"\x23\x51\xe8\x73\x10\x8a\x50\x4f\xdc\x50\x88\x04\xa0\xa7\xe5\x55"
	"\x65\xa0\xa4\x7e\xdb\xc5\x5e\xbb\x26\x97\x1a\x8a\xeb\xc5\x95\x59"
	"\x6c\xa4\xf4\xa7\x1d\x83\x24\x49\x4f\xc6\x75\x6d\x96\x65\xd4\xc6"
	"\x14\xcb\xb2\x1d\xd6\x6d\xe8\x54\x3c\x5a\x30\xae\x63\x26\x63\x3e"
	"\x46\x1c\x3b\x69\xf0\xf7\xe8\xe4\x0a\xdc\x22\x4d\xf3\xc8\x16\x31"
	"\x6b\x3c\x4e\x90\xd6\x3c\x4b\xa2\xc5\x4c\xaf\x89\x4a\x8c\xcd\x5a"
	"\x08\x75\x6b\x95\x34\x8d\x23\x27\xf1\x9f\x16\x89\xe8\xf2\x4a\xb0"
	"\xf6\x44\xab\xc6\x25\xb8\x6b\xa3\x55\x82\xc6\x52\x9c\x62\xa9\x92"
	"\x58\x25\x2d\x19\x1a\x29\x0f\x05\x05\xce\xcd\x6a\x83\x68\x77\x10"
	"\x8d\x44\x2f\x08\xc7\x1b\x5c\xf2\xc8\xd7\xd4\x9a\x49\x9a\x83\x31"
	"\xa7\xb3\xa1\x65\x60\xe7\xfa\x6e\x35\x9b\x85\x20\x89\x95\x58\xaa"
	"\x07\x88\x2f\x7c\xb5\x68\x2c\x2d\x06\x92\x3b\x25\x19\x65\xbb\xcd"
	"\x96\xf1\x0c\x79\xb2\x2d\x60\xa5\x48\x66\xb6\x67\x61\x1d\x5a\x7b"
	"\x2b\x9d\x63\xb6\x4a\xe6\xfe\x17\xab\xc5\x7e\x83\xb5\xbb\xd2\x1a"
	"\x0c\x6b\xd8\xbe\x60\x67\x4e\xf8\xc8\xa4\x7f\x0c\x31\xeb\x2a\x5d"
	"\x4f\x17\x2e\xe7\x38\x89\x28\xe2\x55\xec\x6a\xdc\x35\xc9\xf6\xc3"
	"\xb3\x0d\xf9\x40\x9d\xcb\xcb\x4f\xb3\x28\x52\xb1\xb2\x88\x93\x24"
	"\x71\x7f\x76\x38\x8e\xee\x7c\xfd\xf8\x80\x0e\xf5\x81\xd9\xda\x1b"
	"\x37\x49\x3c\x8f\x66\xad\xef\xb3\x05\xdc\x1e\x65\xb9\xe3\xb8\xe9"
	"\x02\x79\x27\xd6\xa2\xd3\xc9\xb1\x0f\xba\x80\x84\x2a\xb1\x88\x1a"
	"\xf7\xc8\xa5\xd5\xce\x57\x15\x46\x49\x5d\x23\xe7\x06\x05\x20\xc7"
	"\x6c\x19\x18\xf6\x78\x77\x17\x5b\x87\xfd\x49\x4c\x2b\xe6\xce\x53"
	"\x46\x3d\x3e\x59\x6d\x74\x01\x2e\xb6\x50\x45\x0a\x64\x21\x69\xae"
	"\x0e\x2c\x6d\x32\x7d\x93\x05\x74\xba\xee\x9d\xac\x90\x2e\xf7\x59"
	"\xa8\x34\x9e\x0f\x89\x59\x87\xa2\x8b\x7e\xab\xed\xbf\x6b\x9c\x6f"
	"\x8c\x1d\x87\xe5\x51\x4c\x19\x2e\xed\xb9\x4a\x0d\xd0\x2d\xaa\x19"
	"\xd5\x8e\x9a\xe1\xcb\x43\x55\xa0\xb8\x4e\x5d\xd3\xf6\x26\x74\x4d"
	"\x6a\xee\x38\xf9\xce\xc1\xd3\xca\xca\xa1\xa7\xe5\x7a\x3d\x3b\xb6"
	"\x48\x6b\xa4\xaf\xb5\x9a\x4c\xe9\x4b\x0e\xe1\xf0\x2e\x67\x28\x60"
	"\xdc\x9e\xce\x1d\xf8\x87\xfb\x14\x8d\xbe\xc4\x87\x34\x8a\x67\x51"
	"\xe0\xcd\xe4\xce\x8a\x14\x05\xb2\x7d\xc7\x6a\xc6\x3b\x39\x0f\x28"
	"\xc4\xc6\x5e\x7a\xaa\x8d\xc3\x4a\x7d\x79\xfc\xfb\xd3\xf9\xe6\xf4"
	"\x04\x51\x17\x7f\xeb\x42\xd8\x3f\x7d\xf9\xe7\xe6\xab\x8a\xcc\xfa"
	"\xfb\xcd\xcb\x57\x81\x3e\xdf\xbc\x7c\xbc\xa0\x2c\x5b\x42\xd7\x67"
	"\x0f\x55\xb3\x45\x92\x1d\x5c\x3b\xa4\x85\x25\x4c\xd2\xb7\x1f\x2f"
	"\xce\x8b\x38\x5a\x54\x87\x41\xa3\xcb\x9f\xd2\x9a\xdc\x4c\xdb\x6c"
	"\xc0\x62\xb1\x0b\x64\x3e\xd8\xcc\x80\x0c\xae\xba\x53\x72\x74\x6c"
	"\x77\x00\xc1\x2a\x54\x33\xb2\xcf\x51\xe5\x01\xe5\x48\x6c\xa5\x1b"
	"\x13\x24\x5f\xe2\xf0\xfd\xfc\xfc\x09\x8c\x7e\x9f\xbe\xbc\x9c\x9f"
	"\xff\xf3\x68\x44\x89\xeb\x9e\x2f\x0f\x8c\xf8\xeb\xf1\x57\x79\x6f"
	"\x00\x34\x31\x39\x1a\x66\x08\x97\x64\xfb\x89\x37\x38\x2b\x74\xe6"
	"\x54\xac\xea\x2e\x28\x06\x6d\xee\x8a\xe2\xab\x32\xdd\x93\xfb\x75"
	"\x69\x9c\xce\x5d\xd2\x5a\xc3\x72\xdb\x06\xa8\x16\x0b\xc7\x2a\x66"
	"\x80\xee\x02\x20\xbe\x77\xc4\x33\xec\x21\xef\x84\x86\xe1\x70\x2f"
	"\x19\x60\xe2\x68\x19\xc0\xa4\x30\x5f\x40\xf4\xde\xa5\xc3\x2b\xb7"
	"\x47\x66\xfb\x60\xa5\x9c\x47\x48\x1a\x42\x8e\x4d\x12\xc8\x8a\x63"
	"\xb4\xbc\x8d\x96\x41\x50\x72\x1b\x05\x5a\x5c\x0d\xe1\xc0\xbb\xe5"
	"\xc9\x3c\x9e\x87\x31\xf3\x79\xa8\xac\x66\x35\x5f\x04\x7a\x57\x28"
	"\x78\x01\x40\x55\x47\x71\xe4\xc7\x14\xe4\xc4\x1d\xcc\x26\x3d\xa6"
	"\xac\x48\x01\x47\xd5\x81\xe2\x3a\xb3\x81\x00\x88\x97\x27\x74\x72"
	"\x84\x2f\xbd\xa2\x0e\x45\x70\x90\x94\x62\x32\xb9\x0d\xf4\x6b\x1e"
	"\x2b\xbb\x7d\xe3\x26\x63\x8c\x6c\xc2\x5f\x0a\x46\x55\x14\x35\x81"
	"\x01\xb0\xc6\x79\xa0\x4f\xba\xa8\x04\x96\x29\x67\x88\xd1\x3c\xd2"
	"\x0a\x02\x6e\x26\x35\x91\x97\xce\x45\x29\xed\x48\x1d\x77\xae\xfc"
	"\x54\xda\xb1\xee\x0c\x4b\xd8\xb2\x4d\xcb\xef\x0a\xbd\x2e\x21\xfb"
	"\x2a\xed\x22\x34\x55\x35\xe3\x2d\x4f\xaf\x96\x70\x52\x74\xaa\x21"
	"\x03\xb0\xe3\xea\x82\x3a\xe8\xe6\xe0\xb5\x34\xf0\x77\xf5\x4f\x56"
	"\x16\x32\x2c\x39\xb8\x77\x89\x52\xc5\xfe\xc3\xb7\xc6\xc0\x1a\xe1"
	"\x9c\xff\xc5\xf2\xc0\x38\xd5\xa3\x81\x5f\xd2\xc4\x1e\x04\x19\xf6"
	"\xbf\x16\xcc\x3c\x0d\x00\x52\xea\x07\xe0\x72\xed\xb8\x16\xec\x21"
	"\xdb\x4d\xbc\x0f\x20\x6a\x5a\x85\x11\xe2\xdb\x0f\x80\x0e\x54\x4c"
	"\x9e\xb9\x23\xf4\x6a\x0f\x93\x4a\x2b\xc2\x01\x14\xa3\x29\x39\xd1"
	"\x22\x75\xe8\x2e\x3d\x8e\xe7\x8e\xb5\xef\x5a\x9e\x0c\xe6\xe3\xc7"
	"\x9c\x50\x5d\xd3\x32\x50\x54\x8e\xb6\x42\x67\x76\x68\x5b\xd7\x8a"
	"\x57\x08\x93\xd2\x11\xd8\x5a\x47\xad\x51\x96\x05\x60\x40\x35\x10"
	"\x6c\x82\x13\x4d\xc5\x0f\x3f\xe8\x61\x47\x8a\xdd\x21\x30\x54\x10"
	"\x5b\xcc\xa2\xc8\x8f\x01\x9d\xe8\x90\xdb\x36\x18\x3d\xa4\xa9\xd0"
	"\xc0\x4a\x45\x4b\x16\x8a\xa1\x4b\xd2\xa9\x91\xe3\x12\x2b\x26\xe5"
	"\xae\xd0\xa0\x57\x5c\x63\x8d\x1d\xa7\xbe\x55\xe9\x91\x3a\x50\x5d"
	"\xd5\x6f\xb5\xf9\xc7\x04\x0f\x2b\x3c\x14\xd1\x4a\xdb\x96\x0c\x44"
	"\x5b\x3e\xdc\xb0\x0d\x04\x3b\x54\x08\x95\x7c\x6b\x95\xed\xd7\xe2"
	"\x87\x7e\xe3\xdb\xcb\x2c\x27\x74\x26\x4c\xb9\x29\x8a\xd1\x2a\x36"
	"\x99\xb7\xee\x57\x85\xe5\x89\xe1\x9a\x10\xfd\x52\xf2\x9a\x0c\xf3"
	"\xa4\x6d\x66\x1e\x20\xc6\x71\x61\xa4\x57\x7c\xa6\x1f\xac\x19\x79"
	"\xb6\xac\xcc\x4a\x17\x45\xa2\x89\xdd\x94\x18\x36\x7d\x10\x3a\x9e"
	"\x05\x1f\xd8\x4c\xc0\x48\x73\x62\x1e\x45\x0b\xdb\x6e\x4e\x09\xba"
	"\x58\xc3\x1a\xd5\xca\x28\x0b\x96\x35\x4b\x47\xdc\x62\x13\x5b\xf0"
	"\xf9\xf2\xe7\xcf\x9f\x13\xab\x76\xd7\x34\x42\x55\x9b\xf0\xae\x8b"
	"\x26\x5e\x4e\x84\xb5\xa7\x43\xb3\x45\x13\x2b\xb0\x58\x3a\xf6\x00"
	"\x43\xe8\x8e\x82\x21\x29\xdc\x3e\xc0\xf1\x5c\xb2\x4a\xee\xaa\xa8"
	"\x4d\xa2\x64\x51\xcd\xa7\xbe\xa7\x63\x0e\x71\x8f\x80\xcd\x2e\x9d"
	"\x9c\xb7\xc3\x2d\xda\xf9\x0a\x81\x81\xbe\x2d\xcb\x94\x36\xed\xba"
	"\x1e\xda\x68\x0f\x3f\x84\x5a\xe8\xaa\x35\xa7\x84\xb9\x06\x3e\x4a"
	"\xd9\x2a\xb9\x0d\x77\x18\x4a\x57\xc9\x6a\x35\x0d\x76\x37\x01\x86"
	"\xc3\x98\x3a\x9a\xc5\x91\xd3\xcb\x5b\x83\xc2\xb1\x56\x9b\x37\x3c"
	"\x8c\x3c\x88\x6d\x12\x6d\x30\xad\x83\xd0\xf5\x21\x8e\x66\xd1\x7c"
	"\x1a\x2e\x0e\xbf\x33\xf4\x28\x38\x7a\x53\x5c\x24\xf3\x28\x3c\x94"
	"\xf1\x7d\x82\x79\xbe\x8d\xa2\xd9\x04\x28\x87\x5d\xb9\x69\x7a\xe3"
	"\xc1\xde\x4e\x03\x43\x5c\xa5\xca\x61\x64\xa5\x8d\x59\x94\x57\x6c"
	"\x47\x27\xe4\x48\x08\xa7\x61\xd0\x16\x65\xa8\x99\x08\xf3\xf9\xbf"
	"\x6b\xe8\x06\xcf\x67\xb3\x70\x63\x6e\x0e\x7f\x51\xce\x0e\x41\x9c"
	"\xfa\xf6\x26\x7c\xce\x29\x21\x55\x10\x46\x33\x2a\x86\x51\x38\x3b"
	"\xb6\x64\xf7\x2e\x02\x39\xad\x76\x87\xe2\x61\x42\x6f\xec\xf9\x26"
	"\x8e\xe2\xf0\x77\x4d\x5c\xaa\xa3\x0e\x0a\x8f\x14\xb9\xfc\xb7\xa7"
	"\x64\x36\x8b\x26\x62\xa7\x4c\x00\x62\xc6\x8c\xa2\x64\x42\x96\x39"
	"\x16\x5a\xe2\x84\x41\x90\xe7\x2c\x8a\x6e\xc3\x30\x92\x6d\x10\x83"
	"\xf8\x1b\x13\xb0\xf2\x47\x78\x20\xe4\xcd\xf2\x90\x09\xb5\x22\xfc"
	"\xd6\xb4\x20\x0d\x0d\x37\x79\xbe\x5f\x39\xe2\xd5\x68\x4b\x05\x29"
	"\x72\x60\x61\x0e\xf7\x72\xca\xe5\xf2\x3d\x0b\x2f\x1a\xf2\xef\x1a"
	"\xb8\x43\xa6\x41\xc5\x9e\x29\x5c\xcf\x69\xb3\xf7\x29\xe5\xd2\x9c"
	"\x67\xca\xe8\x91\xd7\xd3\x65\x5e\x95\x8c\x72\x32\xad\xa6\x94\xc7"
	"\x13\x96\x06\x0e\x9e\x9d\x62\x76\x2a\xa7\x20\xe3\xd9\xec\x76\x22"
	"\x6e\x31\x11\x17\xfe\xae\xeb\x7c\x8a\x02\xcb\x68\x46\x50\x3a\x01"
	"\xc6\x26\xb5\x37\xe3\x51\x3c\x8f\x27\xc0\xf2\x29\x9a\x33\x3b\x48"
	"\x17\xe0\xb9\x73\x8f\xa5\x81\x9b\x64\xb9\xb8\x9d\xac\x1e\x2f\x56"
	"\xb1\x25\x12\xb7\x3c\xf7\xbe\x68\xcf\xd7\x6b\x06\x6b\x4e\x53\x95"
	"\x6c\x5e\xb1\xe5\x62\xb6\x0a\x2f\x00\x0f\x84\x2f\xe3\x38\x3c\xf6"
	"\x1e\xdc\x27\x07\xda\x00\x28\x77\x79\xa7\xc2\xcc\xc7\x54\x60\x6a"
	"\x43\x12\x78\x45\x5d\x1b\x9e\xa8\x0c\x33\xd0\x2c\xa4\x25\x8f\x18"
	"\x31\x62\x18\xd2\xdb\x80\xaa\x2b\x5d\x85\xe1\xb7\x73\xff\x73\xcd"
	"\x92\xe3\x7c\xca\x82\x7b\x97\x24\x71\x31\x05\x08\xd6\x50\x0a\x1f"
	"\x85\x3b\xa8\xeb\x71\x79\x97\x99\x66\xd3\x46\xa5\xa8\x39\x54\x3a"
	"\x1e\xf5\xc0\xe6\xe9\xcb\x3f\xe7\xe7\x6f\xcf\x4f\x5f\x5e\x6c\xdd"
	"\x20\x9b\x5e\x9e\xb2\x48\x67\xf4\x80\x0b\xaf\x86\x24\x19\x90\x03"
	"\xbc\xd9\x6e\x84\x2e\x9a\xbf\xd1\x37\xe1\x10\x61\x70\x7c\x35\x24"
	"\x74\xfb\xe8\xb6\xf1\x1c\x38\x2a\x35\x1c\x8b\x4e\x70\xae\x74\x0a"
	"\xb8\xce\x51\xb4\x98\x79\x00\x64\xde\xcc\xc4\xa8\xe4\xae\xa3\xf8"
	"\xae\x9a\x39\x4a\x6e\xbd\xf9\x6c\xab\x18\x79\xc5\x60\x81\x2b\xd4"
	"\x33\xd7\x25\xe3\x15\x95\x12\x08\xca\x5a\x7b\xdf\x9e\xb6\x35\x9c"
	"\x20\x92\xd8\x83\xda\x93\x7b\x56\xa1\xa2\x43\xfa\x80\x0d\xff\xeb"
	"\xce\x23\x97\x54\x66\x39\xf2\xe6\x71\x4f\xe4\xb5\xb5\x07\x81\xf3"
	"\x68\xe6\x2b\x05\x2c\xe8\x33\xf0\xf6\x01\xa2\x47\x4e\xdd\x47\x54"
	"\x87\xcb\xed\xaa\x59\x4d\xbc\x49\x16\xab\x5b\xdf\x8b\x9c\xf2\x70"
	"\x1f\x00\x48\xd2\x69\x84\xfa\x09\x4e\x7c\x6a\x08\x4a\x1a\xec\xae"
	"\xb4\xc9\xe6\xde\xe1\x4c\x73\x26\xaa\x7f\xf0\xb6\x1e\x72\x6e\x29"
	"\x14\x22\xad\x8f\xf1\x72\xd6\x74\xad\xc7\x42\xc8\xe5\x62\x32\x72"
	"\xe5\x45\xc2\x84\x3a\xda\xe2\xc9\x99\x63\xf7\xf8\xfc\xe1\xbf\x8f"
	"\xcf\xe7\x1b\xfa\xef\xf2\xe6\xe2\xd6\xd8\x5f\xf2\xd6\x43\x5e\x4a"
	"\xf9\x13\xfe\x35\xe9\x08\x94\x00\xe5\x6b\xb4\xcf\xed\xb3\x9b\x42"
	"\x64\x74\x5d\xb1\xd8\x03\xa8\xd1\xc9\x23\x85\x15\xa5\x46\xad\x3f"
	"\x0b\x21\xcd\x5d\x1e\x5c\x5d\x36\x35\x0e\xe4\x81\xaa\x40\x3d\xd5"
	"\xf5\x2a\x73\x19\x6d\x39\x55\x3c\x08\x0f\x60\x65\x82\xc4\x1f\x1f"
	"\x9f\x1f\xdf\xbf\x9c\x9f\x3b\x6b\x85\x41\x27\x18\xb6\x97\x47\xab"
	"\x29\x5a\x41\x9b\xbb\xa4\xad\xf8\xfd\xc0\x78\xa1\x63\x56\x71\x25"
	"\xaa\x20\x2b\x6f\xa3\xa5\xfe\x72\x28\x6b\x0b\xe5\x3a\x9b\xa2\xda"
	"\xbe\x76\x8b\xdd\x24\x73\x2c\xa8\xb5\xe4\xec\x35\xe6\x98\x4b\xd1"
	"\xa9\x58\x46\x64\x58\x1c\xf0\xdc\xd6\x9c\x95\xc8\x31\x27\xb9\x25"
	"\xf6\xd2\xf3\xd3\xe3\xa7\x81\x99\x88\x5e\x4d\x82\xea\xec\x1e\x0f"
	"\x99\x0e\x3a\x41\x12\x0f\xad\x3f\x07\x89\xe0\x56\x5f\x13\x8c\x80"
	"\x20\x16\x98\xdb\x4a\x3d\xf6\xe1\x10\xb9\x81\x9b\x9d\xbd\xd5\xf0"
	"\xe1\x0a\x1a\x31\xbc\x68\x65\x69\x3e\xda\x03\x41\x51\x4b\x7e\x18"
	"\xf6\x36\xb6\x49\x6b\xd1\x29\x34\x27\x3d\xc4\x5a\x3b\xd2\x70\x52"
	"\xa4\x8e\xbb\xfd\x21\x10\xb1\x8a\x88\x97\x3d\x42\x6e\x81\x97\xd9"
	"\xb0\xcc\xd5\x18\xe9\x29\x58\x50\xcd\xe3\x24\x69\x02\x45\xe4\x5c"
	"\x68\xd0\x2b\x4b\x29\xe5\xc6\xea\xcf\xab\x14\xeb\xaf\x5f\xfe\x84"
	"\xa7\x45\x8a\x1c\x0e\xd2\x39\xc8\xa2\xfb\x74\x59\xc1\x2c\x24\x32"
	"\x73\x45\x66\x32\x51\x91\x0f\x75\x19\x61\x92\x62\x03\x6c\xe4\x77"
	"\x2e\x76\xbb\xee\x81\x1c\x35\xf3\x68\x36\x0b\x43\x1a\x1f\x04\x3a"
	"\x2b\x33\xb6\x9e\x3a\x42\xa7\xc8\x18\x24\x0e\x86\xe4\xa8\x60\xa6"
	"\xc2\xa0\x89\x75\x22\xdb\x80\x31\x42\x95\xb9\xfc\x3b\xcd\x27\x64"
	"\x3b\xb4\x16\x8f\x31\xf3\x09\x86\x71\xe1\xb0\xd5\xef\x11\xd1\x92"
	"\xb2\x55\xe3\x6d\x80\x6e\xa2\xff\x8b\xa3\xad\x39\x70\x1d\xd0\x10"
	"\x8c\x6e\x9a\x65\xb3\xf4\x76\x4c\xe7\x09\x50\xb1\x60\x66\xa8\xc6"
	"\x3e\xb1\xf8\x90\xda\xac\x0a\x65\x22\x7e\x91\x06\xa2\x56\xa5\x74"
	"\x4b\x65\x4c\x73\x1f\x1a\xfc\x95\xd7\xae\xfb\x34\x31\x97\x2b\xee"
	"\x29\xab\x78\x77\xc4\x6d\x8a\xb1\xd3\x9c\x8f\x96\xde\x9e\xa5\x55"
	"\x0e\x43\xa6\x48\x33\xab\x53\xe4\x0e\x78\x32\x8b\x54\xb7\x13\xed"
	"\x13\x5b\x98\xca\xc4\x62\x68\xcc\xee\x16\xe0\xd8\x5f\x7d\x04\xd1"
	"\xc8\xb6\x86\xc9\xcb\x95\xb4\x1f\x57\x8c\x99\xca\x9d\xfd\xbd\x65"
	"\x3d\x1d\xb0\x6d\x9c\x3a\xaf\x04\x07\x17\xb1\xf8\xaf\xca\x5d\xee"
	"\x22\xd9\xfd\xda\xea\x7a\x50\x57\xb9\x76\x1b\x0a\xbf\xc1\x3e\x60"
	"\xd3\xba\xec\xf2\x24\x82\x39\xbc\xf3\x2e\x0d\x08\x54\xd8\x92\x4e"
	"\x01\x16\x4d\xbd\xc6\xca\xde\x2e\xc6\x16\xd3\xc6\x78\xe0\x88\x01"
	"\x1b\x6a\x69\x38\x03\x44\xc8\x7a\xb2\x22\x2d\xd4\xb4\xf4\x58\xd2"
	"\xb5\xd4\x0e\x53\x41\x21\x55\x84\xd1\xca\xc5\xef\xc7\xa7\x97\xa7"
	"\x6f\x9f\xce\x3f\x45\x3b\x43\x3d\xf0\xc7\xa7\x6f\xb6\xa9\x19\x1e"
	"\x43\xf5\x5a\xa9\x4d\x22\xf7\x2c\x23\x62\xe7\x69\x1f\x6e\xaa\x04"
	"\xb7\x89\xdb\x15\x60\x10\x5c\x8f\x10\x19\xc7\xb7\x73\xc7\xa9\xe4"
	"\x05\x53\x61\x74\xb7\xb8\x8d\x26\x60\x7e\xfa\x31\xb4\xc0\xbc\xce"
	"\xbc\x18\x97\x3b\x27\xc8\x53\x32\x35\x97\x3c\x6b\x70\x95\xa5\x8e"
	"\xce\xd9\x91\x4c\x6c\x9c\xa4\x92\xa5\xf7\x34\xca\xb6\xe5\x9a\xf6"
	"\x31\x05\xa0\xb7\x7a\xcd\x7f\xfd\xe3\xfb\xa0\xd7\xae\xa3\xea\xd7"
	"\xf7\x97\xf3\xe7\x9b\xbf\x85\xb4\x53\xc1\x6e\x7e\xfb\xfc\xf5\xfb"
	"\xcb\xa7\x5f\x37\xe7\xcf\x7f\x9f\x3f\x7c\x38\x7f\xb8\xf9\x77\x87"
	"\xfa\x53\x2c\xd2\xef\x45\xef\xff\x6e\x76\x3b\x16\x83\xb6\xc0\xee"
	"\xbe\xc6\xe0\xf0\xea\xed\xec\x94\x40\xd0\xbe\x13\x12\x8b\x9b\x4d"
	"\x47\xd0\xb0\x24\x27\xc7\xd8\xd1\x34\x50\x88\x39\xd2\xff\x9f\xb5"
	"\x2b\x6b\x8e\x1b\x47\xd2\x7f\xa5\x62\x9e\x66\x22\x66\xa6\x79\x1f"
	"\x1b\xd1\x0f\x28\x1e\x55\x6c\xf1\x32\xc1\x3a\xe4\x17\x46\xb5\x54"
	"\x6e\x2b\x46\x56\x29\x24\x7b\xb6\xe7\xdf\x2f\x12\x20\xab\x78\x25"
	"\x40\x79\xe7\xc1\x96\xc4\xfc\x70\x25\x80\xc4\x95\x07\x1f\x90\xc2"
	"\x86\x3e\xc9\x7f\x8b\x02\xcc\x39\x23\x67\x3e\xdb\xbc\xcc\x5a\x0a"
	"\x09\xe2\xdd\x38\xef\xbc\xc8\x48\x98\xdc\xa1\xf9\x15\xb8\xca\x20"
	"\x90\xd9\xa8\x53\xb7\xb7\xba\x33\xf1\x39\xc0\x24\x4b\x8d\xd8\x7f"
	"\x03\x59\xac\x77\x53\x3d\xee\x3f\x99\xd4\x7c\x61\xfb\x2c\x86\xf9"
	"\x85\x66\x30\x36\x4e\x8f\xa7\x57\x2e\x4a\xa7\xfa\xda\xbc\x83\x92"
	"\x02\xb4\xcb\x77\x06\x5e\x56\x49\x2a\xe1\x29\x1c\xbd\xfb\xe7\xad"
	"\x29\xd6\x45\x1d\xef\x3e\x7f\x6e\x0a\x3a\x8c\xc6\x35\x80\xd5\xa4"
	"\xa0\x4d\xb4\xc7\xb9\x02\x1e\x04\x9b\x91\xf9\x4f\xcf\xdf\xfe\xad"
	"\x61\xbd\xa1\x3d\x6e\x14\xad\x91\x58\x68\x9c\x98\x92\x7d\x24\x19"
	"\xb0\xa0\x16\x8d\xbe\xa7\xde\x20\x30\x27\x15\x10\x6c\xcd\x4f\xcc"
	"\xb9\xab\x17\x3a\x8c\x62\x08\xee\x88\x30\x8f\x25\x40\xcb\x08\xad"
	"\x87\x3e\x1b\xf8\xd7\xb9\x93\x58\x99\xac\xb2\xd3\x3b\x0c\x82\xe0"
	"\xf2\xf2\xfd\xed\xf2\xfc\xcc\x7e\x0d\xa7\xac\xe3\x1e\x90\xf8\x96"
	"\x6c\x7e\x37\x03\xe4\xa3\x70\x94\xc4\x96\x80\x04\x89\x9c\x00\x64"
	"\x99\x3d\x3d\xd0\x65\x82\x45\x34\xbc\x13\x1b\x28\x04\x15\x3b\x40"
	"\x84\x5d\xdc\xe8\xae\xb6\xcf\x24\x2e\x0c\xc6\xac\x2b\xc4\xd8\x43"
	"\xf3\x64\x07\x0e\xc3\x40\xa9\x9d\x9d\x2c\x0a\x60\x7b\x67\x2f\xa1"
	"\x8e\x86\x67\x71\x1c\x07\x58\x1a\x52\x27\x33\x7e\x40\xfe\x7c\x9f"
	"\x7f\xca\xca\x66\xf3\x69\xd4\xec\xeb\x08\x28\xdf\x2e\xdf\x2f\x0f"
	"\x97\xe7\x76\x28\x4c\x3a\x9e\xfd\xc3\xb6\x3a\x40\x4e\x8b\xa2\xe4"
	"\xde\x1e\xc7\x3e\xd3\x06\xa8\x3a\x8d\x1c\xe3\xa8\xe1\x4c\x18\xcf"
	"\xbd\x2b\x6d\x1c\xa9\x88\x7d\x18\x78\x4b\xde\xd2\xf9\xbb\xa9\x72"
	"\x18\x46\x49\x6c\x23\xeb\x72\xf5\xf0\x7c\x79\xf8\xd7\xdc\x76\x86"
	"\x11\x1b\xdd\xf6\x3c\xe1\x0d\x10\xb3\x84\x11\x0e\x14\xb8\xbb\xf6"
	"\x3c\xaa\x0f\x45\xc5\x2d\xa8\xf9\x8e\x98\xd6\xec\xf4\x05\x87\xaf"
	"\x9e\x49\xcc\xe9\xf1\xf1\x09\x0c\x65\x98\xe4\xe5\x05\xbf\xff\xf3"
	"\xb6\x9d\x6b\xf7\x05\x3d\xc3\xdc\x24\x1f\xc4\xed\x00\x00\xfb\xed"
	"\xf6\x01\xdc\x85\x54\x49\xd0\x23\xf4\x2e\x5b\x40\xb0\xc8\xb6\x1a"
	"\x2d\x0d\xfc\x33\x48\xe9\x59\x50\x1a\x26\xd5\x3c\x29\x88\xb2\x76"
	"\x22\x47\x8b\x2b\xe4\xa8\xdb\xda\x74\x25\xca\xce\x8f\x4f\xa7\xfa"
	"\xfc\xaf\xd5\xeb\xd3\xcb\xc3\xf7\xb7\x99\x8b\x20\x1e\xa8\x60\xe8"
	"\x83\xb7\xab\x1a\xb8\x0e\x35\xe6\xbf\x83\xeb\xcf\xc1\xbd\xcf\x8d"
	"\x68\x60\x2f\xe3\x37\x08\x1a\xae\x6f\x00\xb1\xe7\x6c\xc0\x6f\x80"
	"\x51\x00\xb7\x7e\x52\x44\x5b\xaa\x0f\x41\x62\x6d\xdc\x20\xae\x63"
	"\xa8\x9a\xe1\xe9\xae\xa9\x84\x78\x73\x11\xe1\x40\x6a\x0e\x3c\x83"
	"\xb4\x1f\xd8\x3e\x8a\xd6\xe0\x61\x89\xad\xf2\x19\xdb\x69\xda\xfa"
	"\xf5\x7e\xab\x88\x27\xbb\x2f\x31\x0a\x51\x09\xcc\x37\x66\x13\xff"
	"\x71\xbd\xa0\x0d\xab\x6f\xa7\xd7\x57\xb6\x01\xe5\x39\xcc\xac\xe1"
	"\x3c\x03\xd7\x3a\x0a\x4f\x2a\x78\x19\x92\xc5\x4a\xbc\xf3\x1c\x08"
	"\xe2\xe3\x4d\xec\x1d\x6b\xf8\x81\x5d\x36\x71\xc8\x75\x2a\xca\x36"
	"\x73\x02\x59\xc9\xf9\xb1\x4d\x0f\x21\x4e\xcd\xd6\x9e\x43\x91\x07"
	"\x63\x01\x28\x20\x10\x34\x4e\x67\xab\x13\x32\xb4\xbb\xde\x08\x90"
	"\xe7\x37\x4e\x3f\x42\x43\x25\xe4\xf9\xed\x26\x1c\x34\x78\xab\xcf"
	"\x7f\xbe\x32\x51\x39\xd7\x8b\x32\x7b\xaf\x16\x90\x4b\x9a\xc5\x6d"
	"\x85\x34\x4d\x01\x30\x24\x8c\xe3\x07\x40\x53\x0a\x80\x47\x2d\x09"
	"\xa0\x2e\x93\xc0\xf0\x86\xa3\x44\x0c\xe6\x38\x9c\x36\xff\xba\xe0"
	"\x2a\x18\xc3\x86\xb7\xee\x58\xd2\x86\x99\xba\xaf\x1f\x55\xbc\x91"
	"\x74\x7a\x16\x98\xa6\xe7\x49\x98\x57\x26\xb4\x40\xbc\x78\x8a\x6e"
	"\xaf\x88\x6e\x69\x26\x72\xb7\xd5\x9e\xc0\xc2\xfd\x74\x9a\xc3\xfe"
	"\x1d\x6f\xff\x01\x91\xc1\x3c\x9e\x13\xd9\xcf\xdd\xcf\x08\x1a\x3b"
	"\x72\x0d\x8d\xf0\x7b\x9f\xb9\x7d\x33\xad\xd7\x92\xac\x05\x0e\x9d"
	"\xa6\x63\x10\xfc\x5a\x63\x17\x81\x7d\x70\x5a\x07\x86\x6f\x1b\x4a"
	"\xdc\xd2\xfc\xf0\xc9\xd8\x47\x49\xa6\xf4\x14\x26\x3e\x15\xf1\x5c"
	"\x98\xe4\xd6\xfe\x69\x68\xf9\xd4\x26\x1b\xd2\x86\x71\xb0\x6f\x24"
	"\xb4\xc3\x40\x85\x61\x18\xf8\xad\xff\x5d\x62\x00\x5f\x82\xf3\x25"
	"\x80\xa2\xfe\xd4\x40\x2a\x93\x30\x68\xd6\xa4\x66\x8b\xc0\x3d\xe2"
	"\x62\x86\xd6\x92\x6c\xe0\xaa\x0c\x1c\x60\x81\x8c\xc2\xa4\x67\x9b"
	"\x7d\x13\x52\xc3\x45\xa6\xd2\x00\xb2\x20\x17\x43\x0a\x49\xa3\x4d"
	"\xc1\x0e\xc8\xa6\x14\x44\xd7\x54\xda\x22\x8c\xde\xf9\xb1\xc4\xe8"
	"\x5d\xfe\xeb\x4f\x06\xf8\xd7\x92\x62\x40\x4d\xd3\xd5\x2c\x6d\x09"
	"\xc8\x90\xd6\x36\xa1\x25\x80\xa4\x18\x96\x91\xe7\x23\xa2\xa8\xc3"
	"\xa4\xa5\xe7\x22\xea\xaf\x1d\x04\x9d\xfc\xb7\x72\x38\x87\xe4\xe5"
	"\xd4\x81\xe9\xd8\xba\x14\x23\x02\x6f\x70\x07\x07\x47\xdd\x72\x6c"
	"\x47\x8a\x66\xfc\xb6\x74\xfb\xa8\xc6\xf8\x9a\x12\x63\xd8\xae\x12"
	"\xe3\x9a\xb6\x0a\x63\x7b\x8a\xb2\x68\xb6\x36\x2d\x57\xda\xfb\x1b"
	"\xb2\xdb\x44\x42\x3c\x5a\xf2\x89\x01\xd1\x03\x4d\x79\xef\x56\xb5"
	"\x6f\xd9\x36\x16\x46\x46\x80\x86\x67\x48\xe1\xfa\xbc\x0b\xf0\x1e"
	"\xc7\x02\x25\x22\x03\x0c\xc3\x60\x81\x99\x66\x74\x14\xb6\x98\xdc"
	"\x09\x9a\x32\x80\xf0\x24\xc5\x7c\xa4\x48\x3c\x91\x25\xc7\x0f\x5a"
	"\xed\x29\x21\x8e\xad\x86\x38\x6a\x88\xab\x84\xb8\xba\x72\xe0\x60"
	"\x3e\x89\x82\x1d\xad\x8b\xec\xda\xe5\xf0\x0c\xce\x83\x69\xb4\x0e"
	"\xe6\xe7\xd9\xd6\x85\x71\xb9\x4a\xbe\x22\xdd\xc1\xdb\x3f\x1e\x91"
	"\x28\x83\xf0\x2d\x33\xab\xc2\x20\x4e\x20\x8c\xcb\xce\x01\xbf\xa9"
	"\x8d\x42\x05\x25\x54\x84\x7d\x03\x14\x16\x2f\x29\x0c\x93\xd6\x77"
	"\x5b\x57\xb3\xba\xf5\x1e\x34\x5a\xea\xa2\xa3\x24\x3a\xee\x01\xbc"
	"\xa1\x7f\x68\xd8\xd8\xea\x61\xc6\xe3\x8a\x5c\x67\xa9\x04\x2c\x8a"
	"\x17\xd5\x44\xbd\xeb\xf2\x98\x1b\x5c\xf4\x38\xca\x92\xb9\xf8\x51"
	"\xe0\x7a\x83\xc9\x45\x9c\x00\xb0\xfe\x03\x5b\x27\x06\xdd\xa0\xb7"
	"\xac\xbd\x49\xdf\xec\x72\x7e\x68\x45\x34\x2a\x78\xa4\x01\xe1\x4e"
	"\x57\x14\x3a\xe7\xf4\x87\xc4\x41\x4f\x86\xf4\x9e\x38\xb3\x59\xff"
	"\x9a\xb7\x70\x49\xb7\xbd\x46\x1b\x03\x89\x82\x91\x22\x1d\xeb\x72"
	"\x8d\x40\x11\x8f\x94\x9d\x83\x2e\x4f\xbb\x2f\x13\x2e\x8c\x9b\x8c"
	"\xde\x2c\xcc\x3b\xf0\x30\x6c\x58\xf7\x15\xdc\xff\x8a\xd8\xa6\x55"
	"\x52\xca\xca\xea\xfc\x0c\x6f\x8a\x3d\x0f\xff\x79\xe0\xf6\xfe\xfc"
	"\xed\x30\x19\x8d\xd8\xb9\x24\xb4\x8e\xca\xe6\x90\x50\x44\xfb\x78"
	"\x26\x45\x4c\x92\x4a\xc4\x7c\x5e\x9c\x04\xb4\xae\x84\x25\xf2\xe2"
	"\x24\xed\x69\x01\x02\xd1\x21\x0e\xcc\xbb\x54\x1f\x68\xf8\x07\xaa"
	"\xbf\x9c\x37\xa2\xfc\x7c\xd3\xa0\x57\xe2\x7d\xe4\x42\x56\x28\x58"
	"\x70\x9b\x6e\xe5\xae\x4b\x33\x4f\xe7\xfe\xcd\x65\x88\x30\xda\x8b"
	"\x50\x23\x12\xcc\x6d\x5c\x83\x82\x29\x26\x9e\x3f\x15\x55\x32\x9b"
	"\x0f\x3f\x1c\x92\x80\x1d\x9a\x93\xbc\x36\x2d\xed\x08\x97\xaa\x10"
	"\x23\x73\x7a\x6b\xd8\x8b\x4b\xd6\xef\xc0\x4f\x60\x5c\x04\xb7\xc8"
	"\x3c\x4a\x2c\xe3\x09\xc1\xee\x6a\x7a\x47\x87\x99\x9a\xf4\x0e\xb7"
	"\x5d\x9b\x06\x01\x67\x0e\x84\x89\x91\x70\xee\xcb\xc4\xdf\xf5\x95"
	"\x90\x17\x07\x72\x5f\xcc\x86\xde\xbb\x62\x84\x8e\x86\x88\xbc\x30"
	"\xe3\x10\xfc\x8a\x9b\xbf\x55\x3b\x9c\xbe\x3f\x7c\x7d\xbc\xfc\x81"
	"\x7a\xee\xa1\x45\x5c\xf7\xeb\x3e\x3c\xe6\x77\x04\x99\x8f\x4d\x29"
	"\xe6\x73\x92\x54\x10\x2d\x40\x0a\xe2\x6a\x58\xa5\xa7\xd9\x0b\x60"
	"\x6b\x4a\xe4\xa8\xf6\x01\x49\x0e\x0a\x0f\x72\x3a\xdb\x9a\x3b\xe6"
	"\x71\xbe\x6d\xe3\xfd\xc7\x1c\xf3\x32\xb0\x41\x35\x74\x30\x4f\x92"
	"\x6f\x5e\xae\xdd\x57\x66\x73\x57\x25\xff\xf8\xfd\xf4\x7e\x7e\xbc"
	"\xf5\x62\x70\x7a\x7b\x1c\x5c\x98\x30\x4c\x19\xcc\xd5\x72\xd8\xfb"
	"\xe5\xdb\xf9\xfb\xd3\xb7\xf3\xe5\xc7\xf7\xd5\xe6\xc2\x06\xc0\xcb"
	"\x65\xec\x9f\xab\xab\x46\x15\xc1\x4b\x46\xb1\xe3\xa2\x74\x6e\xfc"
	"\xf3\xf0\xda\x94\x8e\xe5\x24\xa5\x73\xfe\xef\xd7\x41\x46\x66\xe1"
	"\xeb\x51\x9c\xa4\x9b\xde\xc9\x97\x1f\x2f\x0f\xf0\x60\x32\x75\x30"
	"\xdd\xf1\x2e\x0e\x27\x33\x0a\xbe\x91\xa0\xf6\xd8\x8e\x78\xfe\xd2"
	"\x97\x03\xa8\xe9\x22\x8a\x81\x1d\x19\xbb\x5f\xcf\xb8\x5c\x28\x6d"
	"\xdb\xd0\xf0\xf4\xa4\x36\x3c\x57\xc3\x5f\x88\x39\x88\xdb\x4e\xc4"
	"\x69\x04\x4f\x7a\x0a\xd4\x36\x0d\x10\xfb\x69\xc0\x30\x0e\xda\xbe"
	"\x86\x9c\xc4\x39\x20\xf4\x6d\x57\xcf\x0e\x7b\xbc\x98\x63\x69\x68"
	"\xb8\xed\x1c\x67\x74\x05\x8f\xf2\x38\x3d\x03\xe5\x25\x82\x33\x2d"
	"\x24\xec\x68\x8e\xd7\x11\xc8\xb6\x81\x1a\xcf\xf4\x20\xb2\x4a\x72"
	"\x88\x2d\x25\x3b\x86\x9c\x6c\xca\xc8\x98\x11\x0b\x27\xa7\x39\x9e"
	"\x75\x16\xe8\x26\x38\x23\x97\xb5\xaf\xc3\xc8\x1a\xb8\x4d\x1c\x8b"
	"\x49\x93\xb1\x03\xa5\xdb\x66\x14\x02\xe7\x10\x9a\x04\x26\x4a\x66"
	"\xd9\x8f\xd4\x8b\x06\x25\xdc\xb1\xb5\x51\x42\xf6\xbc\x32\xf3\x34"
	"\x4d\x41\xb7\xe5\x74\x47\x3b\x4a\xc6\xd1\x51\xb7\x6c\xc4\xf3\x40"
	"\x0b\x70\x5d\x47\x32\xfd\x04\xc0\x73\x14\x00\xdf\x94\x03\x3c\x4b"
	"\x0a\xf0\x7c\xcd\x95\xd3\x0d\x5b\x4e\xf7\x15\xe9\x7d\x6f\x6e\xb1"
	"\x01\x6a\xed\x98\xb6\x37\x96\x7a\xf0\x55\x32\xb8\x39\x59\x9b\x3d"
	"\xaa\x42\x6e\x13\x13\xb0\x2e\x8d\xac\x96\x51\x1e\x1b\xfa\x1a\x89"
	"\x99\x1b\x7d\xe6\x9a\x75\x25\x2e\x51\xa4\xd4\x7d\x52\x46\x15\xd7"
	"\x6a\x44\x21\x6c\x85\xda\xa1\xc4\x32\x88\x6d\x36\x9b\x4d\xe4\x70"
	"\x0e\x10\xbe\x17\x9c\x38\xe5\x82\x8c\xf1\x9b\x26\x4e\x0e\xec\xda"
	"\xf6\x24\xf4\x3b\x0f\x79\x33\xe7\xd4\xdc\xae\x1d\x1d\xa7\xc3\xbe"
	"\x52\xba\x72\xd0\xc4\x72\x9d\xa3\x02\x93\xd9\x1a\xbe\xc0\xd1\xbb"
	"\x7b\x8f\x4d\x32\x43\x92\x1c\xb1\x46\x27\xeb\xa3\xad\x29\x56\x36"
	"\x5a\x67\x65\x84\x0c\x5d\xf1\x64\x30\xe6\x77\x5a\x9a\xbe\x64\xb6"
	"\xc1\x9d\xad\x87\x33\xac\x4e\x9a\x34\x93\x0c\x04\x92\x66\x88\xa3"
	"\x58\xb0\xc1\xd5\x35\xe4\x4e\x55\x18\xe8\x62\xce\x38\x64\xd6\xbb"
	"\xbc\x52\x1c\x20\x11\x42\x02\xe0\x6b\x72\x80\xa1\xbb\xd2\x76\x33"
	"\xce\x48\x16\xd5\x16\x61\x3b\xb6\xaa\x14\x4f\x0e\xf0\x1c\x45\x4b"
	"\x7d\x5d\x53\x01\xe4\x2b\xf7\x15\x24\x5b\x21\x19\x88\xad\x3d\x26"
	"\xe2\xf5\xe1\x90\x5a\x9a\x29\x19\x9b\x0c\xe0\x68\x96\x62\xf0\x1e"
	"\x52\xdd\x70\x4d\x39\x26\xcd\x4c\x5b\x22\x1e\xea\x80\xc9\x53\x1f"
	"\x67\x18\xa9\x92\xcf\x45\x4e\xa4\xec\xe8\x30\x32\x6e\x1c\x32\xcf"
	"\x92\xac\xc4\x8c\x6c\xea\xf2\xdd\x44\x0b\x51\x14\x62\xda\x9a\x2a"
	"\x17\xdf\xb7\x70\x79\xc7\x0d\xce\x43\x57\x9f\x77\xc3\x7f\x35\x38"
	"\x1d\xa8\xd6\x5f\xad\x50\x31\xf5\xc6\x1b\x42\xc4\x29\xd9\x17\x69"
	"\x4d\x36\xd1\x7c\x26\x60\x7b\xb0\x13\x26\x19\x74\x97\x21\x2f\x37"
	"\x37\x38\x5c\xaf\xf0\xdb\x95\xa5\x09\xca\xaa\x38\xde\x2f\x05\xb3"
	"\x1d\xd0\x06\x9b\x4f\x37\x14\x9c\x61\x3c\x64\xde\xf6\x50\xa1\x6d"
	"\xfa\x9e\x0a\x94\xb3\x1f\xa5\x02\xc4\x36\xb7\x06\x32\x87\x47\x20"
	"\x5d\x01\x8a\x49\x6e\x9b\xb6\xad\xaa\x3a\xfa\xca\x76\x83\x24\x34"
	"\xf5\x4d\xcd\x56\xa3\x1c\xc3\xd5\x89\x02\x06\x6b\x8c\xab\x2f\x01"
	"\x19\x4a\x90\xe7\x1a\xc7\x05\x20\x25\x0f\x52\x21\x2a\x16\xa0\x1c"
	"\xd7\x51\xa0\x60\xdf\x6c\x7b\x0b\x50\x9e\x63\xf9\x4b\x50\x8e\xb6"
	"\x00\x85\xa9\x34\x8c\x50\x88\x2a\x5a\x0f\xc5\x76\x9a\xba\x2e\x9d"
	"\xe7\x1c\x62\xcf\x4f\x70\xb1\x87\x5d\x50\xc6\xf0\x35\x01\x81\x94"
	"\x78\x21\x9e\x8a\x29\x65\xbc\xfb\x1c\x61\x16\x82\x3d\xd8\xde\xf3"
	"\x34\x67\x11\xca\x5b\x84\xf2\x95\xa8\x43\xa6\x40\x5c\xef\x47\xa5"
	"\x2c\x62\x7b\x63\xdd\x34\xe7\x39\x44\xd9\xb6\x52\x73\x54\x33\x91"
	"\xad\xe2\xb6\x8e\x05\xc4\x18\xc0\x1c\xc3\x54\xf2\x48\xec\xa3\x0c"
	"\x73\x11\xcc\x3d\x2e\x81\xe9\x8b\xea\x66\x1b\x96\x2a\xb7\x3d\xaa"
	"\x81\x5b\x05\x58\xdc\x44\x7e\x21\xd8\xbd\x8e\x0d\xec\xb0\xbe\x81"
	"\xba\xec\xea\xe1\xf2\x36\xe3\xea\x5e\xa4\x0a\x48\x06\xb6\x92\xb7"
	"\xc4\xc3\x6b\xc6\xd6\xcb\x6f\x53\xef\xe5\xaf\x74\x1c\x0b\x56\x8b"
	"\x35\x5b\x33\x17\x81\x2b\x02\xa1\xe6\xd4\x38\x1a\x56\x0b\x50\x41"
	"\x14\xc8\x1c\x9b\x08\x4c\x91\xd7\x15\xb8\x3f\xef\xbd\xe7\xef\x93"
	"\x30\xe2\x41\xff\xc6\x9f\xf6\x56\x6a\x40\x78\x16\x30\xb2\x24\x65"
	"\x32\x47\x1e\x06\x37\x84\xaf\x24\x94\x45\x78\x17\x18\xb1\xf7\xc8"
	"\x92\x9c\x47\x8c\xc8\x37\xd1\xdc\x23\x1b\x2f\x3d\x8b\x32\x83\xfd"
	"\x1b\xd5\x0e\x28\x71\x4a\xe8\x96\x07\xdb\x0b\xd8\x6f\xd7\x38\xde"
	"\x5c\x39\x7a\x4e\xf1\x55\xb4\x9f\xc7\x38\x41\x79\xc4\x32\xbe\xaa"
	"\xa3\xce\xc5\x67\x12\xb5\x97\x59\x58\x08\x04\x66\x81\x47\x8b\xa0"
	"\x1d\x6c\x92\xc4\x53\x85\xd0\x5e\xed\xae\xfc\xb8\x56\x6e\x58\x70"
	"\x77\x2d\xfe\x5b\x19\x6d\x50\xe2\x3e\xd8\x4d\x5b\x75\xa3\x96\x3b"
	"\x59\xd3\x7a\x99\x34\x07\xd6\x95\xf3\xbe\xb3\x27\xe0\x22\x8c\x82"
	"\xc9\xcc\x02\x52\xb8\x8f\xa9\xfc\x8a\x1f\x62\xb0\xad\xe7\x2d\xed"
	"\xf7\x6b\xa3\x97\x53\x46\xa4\x15\xef\x46\x12\xf7\x4d\x9d\x12\x69"
	"\x0f\xb2\xa1\xb5\x8f\x10\x3e\xb0\x6e\xe0\xda\x6f\x6d\x1f\x4c\x4d"
	"\x42\x84\x94\x39\x3f\xae\xb2\x2c\xf8\x85\xb2\x29\xde\x59\x8a\x0d"
	"\x06\x64\x70\x2f\xd4\x0e\xe2\xa4\xca\xc6\xe6\x38\xfd\xba\xac\x77"
	"\xb1\x31\x32\x6c\xbf\x7d\x6f\xe7\xe0\xe4\x3b\x6b\x69\x51\xd2\x39"
	"\x0a\xe3\x12\x97\x02\xc9\x66\x38\x65\x4e\x2f\x0f\x4f\xcf\xcf\xa7"
	"\xb7\xff\xdc\x8c\x1a\xbf\xff\x78\x61\x3f\xff\xce\x6a\xf4\xf2\x7e"
	"\x81\x5f\x9e\x8c\x07\xf6\xd7\xeb\xd3\xdf\x57\x5f\xde\x2e\x2f\xdf"
	"\xcf\x2f\x8f\xef\x7f\x1b\x0b\x53\x90\x17\xd5\x9e\x5b\x5a\xb6\xbe"
	"\x93\xda\x62\xc8\x8f\xc7\xa7\xcb\xea\xf1\xfc\x70\x79\xe4\xb9\xbe"
	"\xbe\x5d\x1e\xce\xef\x90\x31\xb7\x05\xf9\xf6\xf4\x67\x4f\xcb\xb7"
	"\x0a\xe9\x15\xda\x7d\xdb\x3f\x3d\x9e\x2f\xc8\x57\xc8\xe1\x34\x28"
	"\x60\x48\x3f\xbf\x0c\xbf\x06\xa7\x6f\xe7\xb7\x53\xdb\xb2\x9e\x2d"
	"\xb4\x70\x26\xf5\x7c\x7a\xff\x3a\xfe\x28\xf2\x79\xfa\xc6\xaa\xfd"
	"\xef\xf3\xb7\xf3\xcb\xf7\x15\xd8\x75\x5e\xc9\xbc\x75\xbf\x08\xd0"
	"\xc3\x85\xa1\x58\xd3\xe0\x11\x66\x00\x62\x72\x7c\xc5\x99\x3a\xfc"
	"\x9c\x3d\xbd\x3f\x9c\x19\xef\x5f\xce\x97\x1f\xef\xab\xaf\xe7\xe7"
	"\xd7\x31\x82\x8a\x1e\x58\xfd\x80\xc7\x2c\x96\xeb\xfb\xe5\xa1\x79"
	"\x10\x4d\x10\xbd\x75\xcd\x8a\xf7\x25\x9c\x4c\xc9\x6d\xc8\x71\x4a"
	"\x7d\xb9\x3c\xbf\x83\x61\x0d\x6b\xd7\xf9\xf9\xf2\xba\x7a\x39\xff"
	"\xef\xad\x1b\x3b\xd4\xe6\xed\xf4\xfa\xf5\xe9\xe1\x7d\xba\x54\x86"
	"\x55\x2f\x0c\x1b\xfb\x03\x9c\x39\x26\x4d\x48\x07\x96\x75\xf0\x3d"
	"\x2c\x59\xe7\x1f\xe7\x8c\xa5\x87\x30\x6e\xe8\x80\x58\x65\xdd\x00"
	"\x6c\x0c\xc5\x63\xbb\xa8\x1e\xe8\x2e\xa3\xad\x6d\xef\xb0\x72\xf0"
	"\x3d\x5e\xcf\x92\x62\xbe\x9e\x5d\x9f\xd3\xe7\x88\x10\x4d\x87\xbf"
	"\xfd\xff\xca\xb6\xa4\xc3\x5a\x09\x40\x1a\x11\x6e\xb5\x44\x1b\x8a"
	"\x99\xf0\x03\x98\xeb\xc7\xb0\x59\x11\xce\x4e\xf2\x31\xd7\x82\x28"
	"\x40\x5a\xb9\x61\x72\x0b\x1e\x02\xaf\xcd\xb9\x9a\x08\xb4\xe3\x7a"
	"\xc5\x06\xf1\x68\xdc\x0c\x72\x17\xd6\xeb\xae\x86\x58\x7d\x77\x10"
	"\x9a\xa4\x98\xe2\x7c\x07\xe1\x61\x33\xd9\x81\xd6\xf7\x8e\xcb\x70"
	"\xc8\xd3\x0f\xe0\xb6\x61\x1a\x84\x28\x35\x83\x10\x70\x61\x42\xcb"
	"\x51\xfc\xf1\x4e\xa3\x61\xf5\x57\x21\x51\x82\x4b\xd9\x49\x92\xbf"
	"\x81\x15\xe6\x97\xa7\x3f\x7e\xbc\x9d\xe0\x05\xf4\x3a\x37\xb3\x70"
	"\x95\x3e\xfd\xfe\x06\xc2\xed\xed\xf2\xe3\xfb\xd3\xcb\x79\xc2\xa1"
	"\xfd\x46\xd2\x8f\x7b\x36\x9c\x50\xe2\x2e\x4c\x51\x5a\x15\x90\x0a"
	"\xde\xca\xb7\x21\xe2\xff\xe9\x0a\x4a\xf7\x21\x5e\x44\xeb\x8e\x62"
	"\x33\x5c\x99\x7b\x80\x92\xe4\x3c\x7c\x58\x17\x11\xfa\xf5\xf9\xf4"
	"\x9f\x55\xc9\x04\xca\xf3\xa4\xa1\x1c\x2a\x2f\x4e\x40\x68\x92\x95"
	"\x69\xa4\x00\x25\x79\x5e\xa4\x60\xa1\xaf\xb9\xfe\xe7\x80\x28\xd0"
	"\xbf\x85\x09\x3b\x96\x6b\xae\x96\x45\x1a\xea\x5e\xf6\x06\xaf\xc8"
	"\x7d\x98\xec\x18\x83\x32\xc7\x37\xb6\x2a\x74\x1b\x46\xa6\x49\x43"
	"\x1f\x53\x9d\xee\xb5\x9f\xe1\x36\x96\x8d\x1c\xb0\x6f\x38\xf6\x3f"
	"\xa1\x45\x9e\x04\xcd\x7e\x7f\xd4\xb5\x58\x33\xad\x5c\x5b\x5a\x13"
	"\xea\x44\xe6\x96\x18\xcb\xd1\x1e\x21\xca\xbc\x99\x58\x2d\x9b\xf4"
	"\x93\xae\xe9\x95\x4e\x8f\xc8\x6b\xc5\x04\x4f\x35\xcb\xac\xf5\x34"
	"\x52\xe3\x13\x76\x3e\xc8\x93\x63\x43\x6b\xd7\xf5\xfc\xbd\x02\x0e"
	"\x7e\xc2\x77\x96\xa6\x29\x19\xc9\x18\xbe\x14\xa7\xd9\x8e\xbd\xb1"
	"\x34\x1d\x79\x0c\x42\xb0\x4c\x40\x86\x0b\x39\xcd\x7e\x38\x9a\x9e"
	"\xe7\x9a\xb5\x20\x51\x5e\x9b\xb6\xe3\xdb\x6b\xde\xd4\x7d\x58\x7c"
	"\x04\xbe\x28\x77\xc7\x71\x0d\x76\x14\xac\x2d\x4f\xd3\x17\x14\x00"
	"\xf9\x6e\x8f\x9e\xa9\xeb\xc6\x7a\x01\xbc\xa8\x33\xdd\xd7\x75\xb2"
	"\xb0\xfa\x75\xb5\x4b\xef\x99\xe0\xb6\x4c\x53\xfb\x09\x78\x13\x93"
	"\xbb\xa8\x39\x04\x9b\x8f\xa4\x53\x73\xe9\xce\xf1\x3c\x7b\xaf\x37"
	"\x8e\xd5\x90\xb4\xdc\x92\x46\x39\x8c\xeb\x84\xe4\x6c\xc1\xac\x1c"
	"\xc7\x82\x80\x10\xca\x12\x26\xf8\x26\x2f\xc4\x0e\x47\xa8\xb7\x7e"
	"\x38\xb9\x6e\x68\xdb\xcf\x1f\xcc\x84\x33\x25\xae\xe1\xe5\x69\x31"
	"\xef\x5b\x77\xab\xdb\x0f\x26\x30\x72\xde\x5d\x3e\xab\xe4\xcf\x35"
	"\xed\x27\x19\xe2\x98\x9e\xf1\xd1\xce\x86\x8a\x2a\x3b\x7c\x7b\x14"
	"\x73\xc9\x03\x17\x11\x60\x4f\xae\xe6\xc7\x7c\x41\x0b\xaa\xe7\x9a"
	"\x1f\xae\xde\x7c\xaa\x05\x65\xd9\xd3\x54\x9a\xa1\xfd\x64\x3a\xfd"
	"\x27\xd3\xfd\x64\x3d\xcd\x9f\xac\xa7\xf9\x93\xf5\x34\x8d\x45\x33"
	"\x00\x44\xb4\xed\xdb\x8b\x67\x4c\x87\x5f\x2c\x45\x5a\xa1\xce\xb6"
	"\xdc\xcb\x06\x22\x96\x8c\x4f\xcf\x76\x65\xf8\x2f\x64\xd1\x6c\xe3"
	"\x72\xc1\x06\xed\xa3\xb5\x17\x3d\xf0\x93\x4d\x17\x89\x7f\xa6\xd8"
	"\xd9\x34\x1f\xe0\x98\x32\xfd\x02\x76\x8d\x1b\x0d\x39\x7c\x40\x3a"
	"\x0e\xd3\x59\xd6\x07\xd3\x45\xb7\xf2\x3e\x5c\xd7\x7e\xda\xfd\xff"
	"\x2f\xed\x42\x99\x6e\xff\x94\xd0\xb4\xff\x5b\x42\xd3\xfc\x68\x2a"
	"\x52\x84\xcb\x6a\x49\x83\x8f\x0f\x80\x71\x1a\xff\xe3\x49\x9c\x05"
	"\x49\xae\x27\x0b\x2f\x0e\xc4\xe6\x12\x9a\x85\x1f\x44\xd9\xb8\x37"
	"\x75\x5c\xc3\xa2\xb7\xda\xf2\xd8\x4b\x7c\x1b\xaa\x19\xe1\x82\xd9"
	"\xba\x2e\x22\x11\x28\xc0\x60\x5b\xe3\x6d\x58\xc2\xc5\x11\xaf\x4f"
	"\x9a\x99\x8e\xe1\x5a\x0b\x92\xd3\x03\x94\xe6\x2f\x10\xc3\x83\xda"
	"\xfd\xb6\xa0\x76\x70\xf4\x8a\x03\x73\x8c\x44\x70\x7c\x25\x18\xa8"
	"\x6e\x67\x41\x48\xc3\x4e\xa2\x19\x66\x84\xdc\xfe\xf7\x61\x19\xe6"
	"\x38\x61\x80\x5a\x27\x55\x98\xcc\x7a\xf5\x19\x14\x69\x5a\xc7\xe1"
	"\x35\xd6\xba\x4a\xc2\x4d\x34\xfc\xd6\xe6\xd8\x51\x06\x57\x05\x49"
	"\x17\x42\x79\xb5\x7e\x7b\x7a\xfc\x63\x7a\x3d\x22\x9e\xc0\xd8\xb1"
	"\x90\xe4\x47\xd7\x3b\xe2\x77\x3f\x41\x98\x53\xe8\x5c\xfc\xa2\x6b"
	"\x97\xb1\x73\xcb\x86\x34\x21\xc1\x47\x19\x5c\x4f\x48\x7d\x93\xf3"
	"\x0b\x22\x70\xd9\x0c\xe1\xbf\xd8\x59\x35\x2c\x8f\xa0\x03\xbc\x89"
	"\x9a\xb5\x67\x6b\x7b\xb3\x89\x0f\x68\x3a\xb8\x9a\x2a\xeb\xdc\xb4"
	"\x1c\xd9\xfe\xa4\x22\x61\xd4\x94\xd4\x73\x24\xbb\x1f\x9a\xc0\x81"
	"\x39\xf1\x1c\xc9\x8e\x8c\xd1\x7d\xcd\x38\x4a\xe9\x86\x89\x4f\x80"
	"\x7a\x9b\xe4\x11\xfb\x3f\x70\x4c\xc6\x15\x36\xa0\x25\xd0\x82\x6e"
	"\x93\x35\x11\x9a\x54\x2e\x62\x71\xca\x81\x49\x53\xc7\xa5\xa5\x6b"
	"\xd2\x2b\x3c\x12\xee\x5d\x5b\xc7\xc5\x1f\xa9\x82\x72\xb3\xc3\x6f"
	"\xf7\x12\x36\xc5\xef\x92\x2a\xc9\x91\x39\xd5\x8b\x24\x3f\xea\xd7"
	"\xf6\x41\x67\x7c\x6b\xd6\xd3\x43\xdd\x86\x55\xc3\x9d\xc3\x36\x1b"
	"\x92\xe4\x4d\xb5\x59\xff\x3a\xba\xa8\xe5\x46\xa0\x5b\x12\x16\x07"
	"\x78\x59\x4e\xc0\xa3\x9b\xf4\x0d\xb5\x4b\xd3\x99\xa8\x92\x28\x6a"
	"\x52\x72\x2f\x19\x7f\xe0\xd2\x2c\xac\xf0\x5b\xc3\x32\xd5\x25\xdc"
	"\x13\x0e\xc7\xa5\xe2\xa6\xa8\x92\x28\x6f\x03\x33\x7e\xda\x25\xd5"
	"\x1d\x1d\x1a\x61\x6f\xca\x5d\xef\xd1\x7a\x44\xe8\x4c\x70\xff\xf2"
	"\xed\xf4\xfc\xb4\xfa\xf7\xe9\xf9\xeb\xe9\xf9\x79\xf5\x66\x1a\xaf"
	"\xfa\x5f\xc6\x58\x11\xba\x85\x3f\xc5\xcd\xbe\x82\x03\x2c\x0a\xe7"
	"\xd8\x27\xde\x4b\xde\x4e\xdf\xce\xab\xdf\x7f\x7c\xf9\x02\xce\xef"
	"\xc6\x7e\xda\xe3\x35\xc8\xcb\x94\x8d\xe2\x5b\x25\xd9\xb7\xbc\xa8"
	"\x93\xf8\xbe\xff\xa9\x5f\x64\x77\x5f\xce\x6f\xcf\x67\x98\x04\x99"
	"\xb2\x7f\x71\x92\xa6\x95\x78\x63\x1a\x12\x82\xa2\xbc\x67\xc9\xc9"
	"\x84\x90\x40\x80\xd7\x75\x9a\x0c\x93\xd0\x7b\x3a\x9f\x17\x10\x66"
	"\xf3\x02\x42\x3f\xaf\x5b\xcd\x59\xad\x8a\x2a\x4a\x36\x39\x13\x60"
	"\x6c\x20\xe7\xf3\xb5\xe7\x25\x0e\x9e\xe8\xd8\xc7\x30\x8a\xa3\xaa"
	"\x62\x9c\xee\x47\x17\x60\xdf\x79\x0c\x63\x71\xf9\x3f\x4c\x50\x27"
	"\x29\xaf\x40\x2d\x2c\xef\xa7\xbd\xf1\xb5\xf3\x65\x3a\xf3\x22\xce"
	"\xd2\x93\x2a\x0b\xb0\x3b\x78\x46\x96\x07\xf0\x86\x56\xe8\x21\x37"
	"\xbe\x40\xe9\x19\x0d\x76\x31\x4a\xc6\xae\xce\xa1\x9f\xd6\x59\xb3"
	"\x39\xd6\x96\x8d\xdc\xb6\x32\x48\xab\x9e\x88\x91\xb3\x08\x6e\x32"
	"\x8b\x2c\xc2\x00\xeb\xaa\x20\x21\xdd\x46\x51\x8d\x56\x1f\xbf\x02"
	"\x07\x2a\x65\x8d\x1f\x5a\x33\x5c\x5d\x2f\x04\x77\xdc\xa5\x67\xc3"
	"\x98\x3b\x9d\xa2\xf0\x91\x2b\x2d\x80\x5a\x43\x12\x0c\xb4\x2f\x81"
	"\x96\x5a\x31\x3b\x74\x5b\x46\x8d\xec\x5a\x39\x26\xa3\x86\x67\x6e"
	"\x62\x44\xcf\x8f\x43\xea\xbd\x69\x6b\x9f\xf6\x28\x00\xae\x82\x0c"
	"\x64\x69\xea\xe8\x26\xb2\xb4\x01\xbd\x0e\x0b\xc3\xca\x50\xf2\x7e"
	"\xb3\x31\x2c\xd3\x20\x16\x8a\x90\xba\xfe\xe2\xac\x73\x22\xc7\xcc"
	"\xf0\x1a\x48\xee\xfa\x81\xcc\xf6\xbf\xa6\xe3\xc7\x1b\xe4\xd9\xab"
	"\xe5\xa3\xad\xe9\x77\xb1\x84\xd5\xb0\x91\x44\x1c\x7f\x00\xb9\xa8"
	"\x33\xd3\x30\x86\x66\x73\x93\x71\x80\x75\xf7\x0d\xd1\x5a\xcf\x22"
	"\xae\x3c\x3a\x14\xa6\x8e\xd6\x43\x64\x9e\x6f\xe9\xcd\x21\x45\x6c"
	"\xf6\x6f\x48\x12\x96\x9e\xe7\x68\x4b\x50\xae\x0a\x05\xdb\x78\x53"
	"\x23\x4b\x50\xbe\x0a\x54\x7a\xb6\x7d\x54\x80\x50\x35\xd8\x5e\x3e"
	"\x7b\xdb\xd0\xdc\xb4\x54\xc0\xd6\xa1\xa3\x6b\xae\x8a\x09\x55\x70"
	"\x0c\xf2\x39\x51\x0e\x7b\x94\xde\xcc\x2e\x36\xc5\xf0\xaf\x86\x2d"
	"\x7c\xe0\x9d\x9a\x49\xa2\x59\x02\xdb\x09\xeb\xce\x2c\x25\x48\x77"
	"\xb5\x61\x58\x3d\xbf\x51\xc5\x2e\xef\x45\xb0\xa6\xa3\x3f\x84\x4f"
	"\xf9\xe1\xa7\x32\xc8\x86\x1f\xb6\x87\x30\x2a\x87\x9f\x68\xf4\xe9"
	"\x36\x30\x7b\xdf\x2b\x72\xc8\x92\x30\x19\x7e\x04\x1b\x7f\xae\xb5"
	"\x52\xc4\x71\x1b\xad\xa4\x47\xfd\x8d\x31\x6c\xfa\xa5\x0b\xc7\xc3"
	"\x55\xb8\x6e\xe7\x1c\x46\x2d\x28\x85\x77\xf8\xb9\xf3\x8d\xa8\xfc"
	"\x5c\x9b\xb6\xd5\xcc\x47\x08\xc0\x0a\xe6\x92\x5c\xa7\x8c\x0e\x69"
	"\x3c\x4c\x30\xa9\x42\xfa\xab\x69\x0c\x1a\x2e\xe4\x72\x53\xa4\xe1"
	"\x50\xbd\x8d\x17\x5e\x15\x41\x13\x8f\x72\xda\x83\x69\x15\x8d\x38"
	"\x11\xa7\x41\xc4\x81\x51\xed\x40\x95\x61\xe6\x53\x97\x68\xd2\x69"
	"\xcd\xb1\xda\xe5\x73\xc9\x58\x67\xed\x40\xf9\xac\x9a\xe9\xc3\x5d"
	"\x96\xdd\x4f\x3f\xb7\xec\xea\x1c\x3c\x4c\x01\xd0\xc9\x4d\xb4\x67"
	"\x3b\xcd\x79\xda\xa8\xde\x53\xad\x38\xfe\x19\x0a\x9f\x3f\xcf\x32"
	"\x2a\x01\x17\xb7\x28\x95\xad\xe3\x50\x0e\x4a\xcf\xea\x92\xec\x51"
	"\x6a\x17\x1b\x44\x77\x6c\x44\xd5\x80\xe7\x51\xee\xac\xe1\x4d\x8e"
	"\x08\xf2\x14\xfe\x83\x2b\x11\xf4\xcc\xf9\x61\x84\x81\x87\x34\xb6"
	"\xe1\x03\x0d\x10\xb6\x07\xf8\x1c\xfd\xea\x58\x03\xce\x8c\x07\xcb"
	"\x8e\xae\x27\x1f\x1a\xb2\x0b\x87\xae\x3d\x3b\xc2\x8e\xe8\xc8\xa5"
	"\x52\x87\x08\x48\x42\x3e\x49\x11\x4e\x8c\x05\x11\xee\x10\xdb\x24"
	"\xc6\x54\xdc\x00\xb2\x0e\x42\x03\x7b\x81\xef\xb2\x28\x91\xbb\xa2"
	"\x1e\x7d\x2b\x47\xd4\x45\x1e\xe1\x3e\x72\x5a\xd0\x9e\xb0\x1e\x3c"
	"\x22\x42\x80\x16\xc1\x68\x58\x16\xc1\x55\x0a\x8d\xb9\x0b\x34\x92"
	"\x81\x25\x3b\x3e\xda\x84\x69\x38\x43\xa2\x88\x9e\x63\xfd\xc4\x98"
	"\x51\xef\xbb\x04\xad\x2e\xdb\x97\xcb\x1b\xdb\x6d\x9f\xcf\xef\x0f"
	"\xa7\xe7\xf3\x2a\x28\x77\x37\xf5\xb2\xcb\xb7\x6f\x97\x97\x1e\xf4"
	"\xf2\x0a\x0a\x29\xef\x33\x49\xfe\x67\xe0\x2d\xba\x6d\x04\x38\xd9"
	"\x26\xb4\xc2\xeb\xd8\x81\x28\x49\xd4\x18\xba\x00\x53\x86\x88\x67"
	"\xf9\x3e\x2a\x52\x15\x97\x64\x47\x18\xf7\xa8\xfe\x2b\x83\x31\x96"
	"\x82\x39\xb6\xa1\x6b\x63\xee\xce\xe4\xb6\xc1\x47\xc5\xec\xf5\xc1"
	"\x75\x10\x1c\x3c\xd7\xd6\x7d\x69\xee\xe0\xd5\x58\x32\x0f\x05\xc4"
	"\x71\x1d\x6f\x01\x44\x66\x49\xd1\x47\x7a\xfa\x02\x88\xb0\x39\x76"
	"\x94\x48\xd7\x57\x67\x66\x2f\x80\xcc\x58\x78\xcc\x22\x11\x93\xe6"
	"\x1e\xc4\x43\xcc\xfb\x86\x90\x85\xe5\x79\xb6\xb9\x00\xb2\x34\x33"
	"\xd7\x5c\x00\xc1\x6d\x5d\x06\x38\x77\x2a\x91\xc4\xf7\x36\xfd\xdc"
	"\x88\x04\x80\xba\x37\xbc\xa5\xbd\x31\x76\x53\x3d\x01\x74\xde\xda"
	"\xca\x6d\x91\x47\x73\xf5\x65\x80\x8a\x64\xc3\x7b\xa3\x9b\x7c\x05"
	"\x6d\xed\x7e\xfc\x58\x4e\x2d\x23\x72\x87\xdc\x87\xf1\x40\xc0\xa0"
	"\xf2\x17\x13\x1f\xf3\x6e\x28\xf2\xb8\x6b\xfd\xbf\x82\xe3\x77\x14"
	"\xb6\x2d\xe1\xc6\x79\xaa\x35\x31\xd3\x8a\x75\x1d\xec\x69\x38\xbe"
	"\xae\x82\x6d\x39\x3b\x9f\x66\x78\x45\xda\x2c\xf2\xe8\x00\xbb\x7b"
	"\xdc\x41\x1b\x5f\xc6\x9b\x7a\x07\x7e\xf4\x12\x78\x4c\x51\x38\x6a"
	"\x13\x78\x1a\x94\xd0\x56\xb6\x51\x04\x5f\x95\x8a\x78\xb3\xfb\xe2"
	"\xc0\xce\x1a\xd5\x86\xad\x37\xf9\xf4\xb6\xa0\xdf\x58\x91\x79\x48"
	"\xcb\x71\x7b\xd9\xce\xae\x22\xed\xbe\xf5\x08\x1e\xdb\xee\x25\x6c"
	"\xbb\xea\x41\xb5\x3b\x14\xb1\xac\xd5\xd9\xd3\xc3\xdb\xe5\xfc\x7c"
	"\x7e\xf8\xfe\x76\x79\x01\x1d\x60\x0a\x27\xdb\x15\x2c\x95\x42\xb5"
	"\x7a\x2e\xb8\x5c\x9b\xe5\xb1\x8e\xcb\x0d\x41\x25\xfa\xe7\xe3\xb8"
	"\x33\xc6\xa2\x1e\xee\x9b\xaf\x5b\xab\xb6\x04\x36\x08\xe7\xee\xad"
	"\xba\x34\x87\x8c\x1d\x4e\x29\x8c\x94\xb0\x2a\x12\x76\x60\x91\xce"
	"\x19\x12\xf8\xae\x18\xd8\x72\x58\x48\x76\xba\x6a\x5d\x10\x20\x47"
	"\x47\x5f\xca\x26\x40\xcc\x56\xb8\x0f\x74\x35\x2c\x82\x45\x07\xba"
	"\xb3\x74\xc4\x97\x6b\x0f\x62\x29\xd6\x21\x06\xb1\x6d\x65\x2e\x8e"
	"\x6e\x2a\x21\x96\xaa\xba\xb6\xe9\x39\x2a\x88\xad\xaa\x6e\x1a\xd8"
	"\x8e\xa1\xa8\xcc\xc1\xf3\x7c\x79\x49\xeb\xd0\xf0\x54\xd9\xac\xd9"
	"\x44\x0d\x0a\x29\x24\x48\xaa\x6a\x47\xd9\x26\xb3\x94\xc3\xa8\x69"
	"\xa7\xa6\xb1\x00\x63\x2e\xc0\x58\x0b\x30\xb6\x1a\x63\xe9\x4b\x30"
	"\x4c\x34\x27\x79\x52\x4f\xdd\xa1\xa1\x09\x54\x63\xbb\xc3\xa9\x26"
	"\x8b\xc0\x99\x4b\x30\x4b\xf3\x52\xd7\x4d\xf4\xe7\x07\xda\x6c\x19"
	"\xa9\x65\xa8\x31\xf6\x92\xf6\x02\x6e\x49\x5e\x8e\x1a\xe3\x9a\x4a"
	"\x8c\x63\x2b\x21\xae\xa6\x86\x2c\x6b\x98\xbb\x64\x5c\x58\xc6\xf1"
	"\xe8\x2d\xc9\xce\xd4\x4d\x65\xcd\x4c\xcb\x57\x40\x6c\x33\x55\x64"
	"\x13\x51\x57\x57\x4c\x37\x06\x31\x14\x33\x89\x43\xcc\x48\x81\xf1"
	"\x4c\xdd\x51\x42\x0c\x35\x7b\x5a\x98\x8a\xdb\x9b\x3a\x73\x14\xcb"
	"\x1a\x28\xf3\x43\xe8\x34\xcd\x54\x1c\x3e\xc8\xd1\xf7\x6c\xc5\x4a"
	"\xc4\x41\x8e\xab\xc6\xf8\xc6\x02\x90\xa9\xda\xbf\xf3\xd2\xe4\x9d"
	"\x9b\xd1\xcc\xf3\x75\xa7\x39\xc0\xcb\x00\xd7\x67\x58\x0c\x6f\xad"
	"\x7a\xa5\xf8\x32\xc8\x74\x47\x71\xc0\x03\x8c\xeb\xf9\xca\x3e\xe5"
	"\x38\xff\xb8\x18\xa7\xea\x7c\xc0\x79\xce\xb2\xfc\x00\xb7\x20\x3f"
	"\x36\x7a\x3d\xb2\x24\x43\x01\x5c\x90\xa3\xad\x1b\x7f\x2e\xc9\x90"
	"\xe3\x54\xf9\x55\xb5\xed\x28\xe6\x17\x40\x4c\x79\x7f\xd1\x4d\x9d"
	"\xda\xb2\x6b\x32\x0e\xe2\xaf\x84\x0d\x0f\x1c\x1c\x27\x51\xa5\x00"
	"\x57\x71\xbb\x8d\x57\x6f\x46\xd9\x11\x8e\x09\x3e\xf9\xc8\x57\xdf"
	"\xdc\x50\x9a\x19\x98\x3f\x90\x3e\xc6\xd1\x0c\x25\x5b\x3b\x9c\xaa"
	"\x9b\x18\xce\xb2\x15\xb3\x9f\xd6\x04\x0b\x2f\xd3\x87\xd8\x0a\xee"
	"\xff\x1f\x63\xd7\xd6\xdb\x38\xae\xa4\xff\x8a\xb1\x4f\x73\x80\x9d"
	"\x3d\x96\x64\xf9\xb2\x8b\xf3\x40\x51\xb2\xad\x89\x6e\x11\x25\x5f"
	"\xfa\x45\xf0\x24\xea\xb4\x31\x49\x1c\x24\xee\x3d\xd3\xfb\xeb\x97"
	"\x45\x59\xb6\x48\xa9\x48\x63\x80\xe9\x98\xf5\x89\xd7\x22\x59\x2c"
	"\x16\xab\x8a\x90\x1f\x68\xf4\xbb\x76\x41\x98\xed\x1a\x76\x5a\x8e"
	"\x41\x1d\x4f\x75\x31\x33\x6b\x67\xc6\xd8\x63\x33\x66\x6e\xc7\x26"
	"\x10\x97\xb0\xf5\x8b\x6c\xe1\x93\xd9\xc4\xd2\x29\x2c\xc4\x81\x7c"
	"\x36\x1f\x52\x49\x34\x24\xfd\xa6\x59\x44\x1b\xc7\x1e\x93\x90\xda"
	"\x66\x99\xab\x8b\x35\xf1\xd1\x15\xeb\x58\xbb\xdd\x9d\x48\x7b\x37"
	"\xb9\xbf\x0e\x02\x7d\x7f\x2d\x0c\x75\x60\x0e\xb1\xed\x59\x60\x00"
	"\x35\x02\x8d\x19\x64\x38\x7d\x6d\xe3\xb9\x6b\x8d\x8d\x10\xc3\x61"
	"\x46\x40\xcc\x05\xcd\x8d\x05\x61\x2e\x5f\xbb\x10\x7b\x6e\x84\x38"
	"\xe6\x5c\x9c\x99\x11\x32\x31\xe7\xe2\x9a\x5b\xe4\x1a\xbb\x6e\x36"
	"\x33\xe7\x32\x9b\x1a\x21\x73\xdb\x04\x99\x8f\xcd\x4c\x7d\x81\x99"
	"\xb8\x19\x1c\x8a\x8d\x8d\x2d\x5b\x4c\xc7\x66\x88\xb1\xda\x8b\xd9"
	"\xc4\x0c\x31\x32\xc5\xc2\xa0\x11\xfd\x26\x6e\x13\x16\xd3\xcc\xb6"
	"\x4d\x9a\xd3\xa9\xa1\x59\xcd\x62\x37\x31\xa9\x11\x66\x8e\xa3\x59"
	"\x10\x41\xa3\x9a\x11\xa1\x6e\x30\x4d\x74\x10\x48\x67\x66\xbd\xb4"
	"\xe3\x5a\x7a\x6d\x73\xa3\x4e\x1e\x4a\x9f\x55\x84\x52\x3f\x28\xfe"
	"\xf5\x36\xfc\xd9\x8d\x7c\xd3\x14\x86\xd4\x0b\x09\xb3\x2a\x2b\x5b"
	"\x6c\xb4\x55\x4b\x48\x39\x77\x27\x63\x23\x66\x6e\xdd\x81\x31\x6d"
	"\x62\x19\x99\x72\x31\x87\xd8\x26\x69\xcd\x1d\xe3\xfd\x99\x87\x74"
	"\x0d\x36\xa3\x2c\x8b\x8d\xd9\x58\xb6\x49\xea\x82\x61\x86\xa8\xf0"
	"\x5a\x9c\xef\xc5\xfe\xce\x88\x30\xcf\xdb\x06\x65\x5a\x04\x1a\x54"
	"\x49\x34\x97\xa9\x2d\xcc\xbe\xab\x48\xfb\xae\x22\xed\x5e\x91\x8d"
	"\x9f\x88\xd3\xe9\xf9\xf8\xf7\xe8\x22\x5d\x8c\x0e\x6f\x1f\xaf\xc7"
	"\xef\x47\x70\x3f\xa0\x3c\xc0\x6f\x9d\x48\x2e\x09\x84\x74\xc8\x83"
	"\xb4\x4a\xa4\x60\x68\x57\x77\x3b\x4a\xa4\x70\x51\x87\x46\xb0\xa6"
	"\x98\x33\xdb\x0e\x86\xd1\x52\x8f\x6b\x44\xee\x55\x4e\xb2\xf5\xfd"
	"\xc0\xa1\x5c\x1b\xbb\x81\xd0\xef\x7b\xc8\xe0\x89\xb7\x76\xf1\x1f"
	"\xb7\xc0\x3a\x45\x1e\x24\xab\x62\x2d\x51\x73\xb2\xbd\xfd\x2e\x7b"
	"\xdf\x5e\xcc\xc1\xae\xda\xf9\x8f\xfa\xe9\x78\x78\x15\x05\xf7\x1c"
	"\xba\x03\x9e\x4c\x8a\x80\xae\xa5\x00\x2b\x90\x4a\x69\x59\xa4\xe5"
	"\xe0\x25\x4a\x43\xcf\xbb\xe1\x72\xaf\x49\xd5\x72\xa9\xa4\x66\x99"
	"\xec\x7f\xfe\x9a\x18\x0e\x9f\x77\x04\x9d\x21\x51\xba\x05\xb1\x04"
	"\x0b\x0b\xa4\x5e\x5e\x10\x3d\x84\x89\x5a\x9e\x17\x14\x69\x56\x0d"
	"\x06\xda\x03\x32\x5d\x07\x79\xbe\x97\xeb\x4d\xd7\x21\xff\xb5\x57"
	"\x73\xa2\x69\xce\x88\xa6\xe6\x34\x2d\x57\x24\x47\xca\xc9\xf2\xd4"
	"\x0f\x1f\x82\x3d\xeb\xe5\x2a\xae\xa4\xf1\x4c\x33\xdb\x92\x97\x9e"
	"\x2e\x71\xdf\x5a\x34\x74\x12\x39\x93\xac\xd2\x24\x0f\x99\xf4\x94"
	"\xa3\x4d\xeb\x0d\x52\x00\x4e\x4f\x96\x6a\xad\x82\x68\xd0\x06\xb9"
	"\x21\x05\x34\x8d\xfb\x1f\xa4\x18\xfe\x1b\x6f\xb6\x0a\x5f\x05\x31"
	"\x3c\x53\x41\x9b\xbd\x5a\xe6\x31\x92\xdf\x3a\x8d\x94\x0b\xfc\x26"
	"\x45\x19\x63\x39\xbb\x34\x5d\xf1\x09\xbf\x26\x31\xe6\x33\x54\xa0"
	"\xe0\xa6\x19\x1b\x40\xde\x08\x31\x29\xe4\xde\x7b\xd8\x07\x72\x42"
	"\x49\xe1\xc9\x0b\x95\x13\xb7\x24\xe2\x4c\xa8\xcc\xd5\x7d\xde\xba"
	"\x92\x91\x2a\x11\x82\xa7\x30\xb4\x8a\x61\x81\xd3\xfe\x20\x5e\x4e"
	"\x90\xda\x17\xdb\x30\x59\x93\x44\xa9\x7c\x90\x40\x40\xe9\x22\x55"
	"\xd2\x23\x2a\x22\xd9\xa8\x35\xc3\x8c\x43\x1b\x5a\x92\x6e\x30\x0e"
	"\x80\x1e\xb9\x2c\x34\x03\xa9\x95\xff\x07\x42\xe0\x3f\xb2\x4c\x32"
	"\x73\x6c\xd2\xbb\x2c\x0c\x89\x79\x19\x7b\x51\x90\x11\xbe\xef\xa8"
	"\xa4\xd5\x62\x32\xee\x25\x6e\xd7\x41\x10\xb1\xde\x4c\x88\x09\x1f"
	"\xb8\x38\x2d\x59\x6f\xcd\x8a\xc9\x5e\x78\x8e\x43\x9b\x9f\x07\xcd"
	"\x0c\x43\x3a\x80\x8b\x50\x79\x0a\x31\x5f\x94\x02\x53\x70\x2a\x16"
	"\x28\xab\x4f\x5c\x46\x45\x38\xc0\x6a\x09\xb8\x20\x4b\xfc\x54\xad"
	"\x5c\x52\x84\x48\xb1\x49\x91\x87\x2b\x39\x93\x34\x6f\xe6\x4e\x77"
	"\x65\x22\x09\x84\xd6\x89\xd2\xbc\xb3\x9b\x74\x12\x07\x56\x87\x2c"
	"\x48\x78\x3f\x25\x05\xb6\xd6\x05\x05\x89\xf6\x89\xb2\x47\x64\x7c"
	"\x51\x8d\xa8\xdf\xcb\xab\x49\xae\x96\x1e\xda\xbb\x2d\xe4\x6a\x5a"
	"\x6b\x44\x62\xcf\x13\x24\x4c\xe0\x33\xac\x01\x7c\xf5\x13\x1e\x4d"
	"\xa8\xb2\xb6\x66\x39\xbc\x12\x54\x9b\x90\xc3\xa3\x81\xc1\xa8\xab"
	"\x82\x9a\x52\x4a\x94\x91\xe7\xfb\x48\x6f\x1c\x2e\x17\xec\x4a\x62"
	"\xb3\x0f\x5d\x8d\x79\x93\x7d\x8f\x6d\x59\x16\x04\xf0\x52\x46\xcd"
	"\xae\x08\x48\x6f\x95\xe6\x89\x9c\xf3\xb9\x8c\x10\x60\x4d\xe7\x55"
	"\x80\xf0\x89\xbd\x26\xc6\x18\x93\xad\xf2\x20\x48\x08\x0b\x3b\x2f"
	"\x5d\xae\x49\xfd\xba\x82\x94\xfc\x47\xba\xbf\x14\x71\x7d\x97\x78"
	"\x4b\xed\x7d\x52\x84\x9b\x54\x49\x49\x33\x16\x04\x3d\x46\x82\x37"
	"\x6f\x2b\x6c\xd3\x28\xd6\x79\xc9\x8a\x98\x80\x38\x29\x07\x1a\xbb"
	"\xa5\xeb\x36\x90\x12\x44\xaf\x2a\x63\x0e\x92\xff\x96\x34\x7b\x62"
	"\x37\x29\x0c\xe3\xb4\xe8\xad\x25\xbb\x90\xcf\x1d\x24\x97\x6f\x41"
	"\x9e\xaa\xbd\xdf\xa6\xe1\x22\xcc\xb7\xbd\xcf\xe5\xaf\xfe\x4e\xc2"
	"\xf8\xf2\x9e\xe6\xd5\xba\xc4\x67\x16\x89\xb2\xe1\x60\xd1\x83\xb2"
	"\x6a\x63\x21\x3a\x30\x83\x87\x1e\x5b\x5d\xc0\x8d\x01\xf7\xd5\xf5"
	"\x98\x9c\xef\x35\x1b\xb0\xe4\x58\xa3\xd9\xa4\x6b\x1a\x56\xf0\x60"
	"\x89\x6f\xe1\xcd\xf3\xa8\x8e\x10\x7c\xf3\xcd\x29\x27\x36\xcf\xd3"
	"\xe4\x34\xb0\xd9\xe1\x42\x00\xab\xd6\xd4\x97\x28\x0a\x2c\x49\xf8"
	"\xea\x46\x03\x61\xe7\xd3\x58\xb9\xdf\x5c\x85\x4a\x6e\xf7\xa0\xab"
	"\x2e\x56\x9a\x72\x37\xb5\x91\xf1\xe0\xf1\x55\xc8\xa4\xb7\x5e\x82"
	"\x2c\x59\x9e\x63\xcd\x2e\x56\xea\x77\x3c\xa9\xda\xae\xf9\xda\x11"
	"\x85\x6c\x78\x15\x6c\x51\x5e\x24\x16\x4b\x56\xa0\xe3\xdf\x22\x97"
	"\x2c\x46\xe9\xb0\x46\x42\x40\xc3\x95\x08\xeb\xc8\x3c\xd4\x88\x09"
	"\xc0\x31\x12\x66\x0e\x68\x5b\x31\x24\x1e\x59\x0e\x73\xdb\xe9\xeb"
	"\x0c\x5e\xd8\xce\x9f\xa7\xd7\x57\x78\x0e\xd8\xb7\xdf\x11\xdf\x4f"
	"\x67\xbb\xf1\x18\x06\x0f\xe9\xb1\x1d\x30\xca\x5a\xde\x63\xae\xe9"
	"\xbe\xb7\xc2\x62\xa0\x5c\x31\x43\x6f\x8b\x54\x8c\x72\xe6\x84\xf4"
	"\xe0\x52\x2e\xde\xcf\xbb\xd2\xb6\xc6\xeb\x4c\x0b\x82\xb0\xcb\xd6"
	"\x74\xa7\xc5\x2c\xf9\x88\x81\x15\xac\x0e\x03\x91\xea\x21\x70\x91"
	"\xb6\x42\xa6\x1a\xb3\x68\x6e\xe9\xb3\xc8\xe7\x64\x3a\x75\x17\x33"
	"\x2d\x68\x0d\x2f\xbe\xc0\xef\xa9\x1a\x96\xfc\x3a\xf6\x97\x10\x79"
	"\xf4\xf5\xf0\xf5\xd5\x3f\xa5\x8a\xe9\xd8\x7d\x8f\x22\x4c\xc8\x73"
	"\xe1\x8d\x55\x4e\xdc\xfa\xb1\x3a\x2c\x85\x1c\x2d\x47\x14\x99\xf0"
	"\x25\xf9\xbf\x47\xa2\x85\x45\xca\x65\xb6\x60\xf4\x5c\x7f\x80\x33"
	"\x4b\xf0\x90\xc9\x28\x0b\x47\x7f\xfe\x3c\x8f\xbc\xe8\x01\x26\x7e"
	"\xc5\xfc\xd1\xdb\xe1\x57\x6b\xa0\x7d\x78\xfd\x3a\x8d\xfe\xac\x47"
	"\xef\x75\xfd\x5c\x3f\xff\x0f\xcf\xb4\x96\x72\x5a\xd7\xaf\x1f\xc2"
	"\x58\xfb\x0d\xfc\x46\x1f\xdf\xbf\x9f\xe4\x86\x5c\x70\x6a\x35\x2f"
	"\xc9\x1a\x07\xc8\x5d\x14\x1c\x80\xb9\xec\x80\x70\xe8\x35\x2f\x52"
	"\x90\x25\x51\xd6\xb5\x96\xb8\xe4\xfb\xb3\xb4\x5d\x75\x89\x21\x03"
	"\x1b\xff\x61\x1a\xff\x9b\x14\xc3\x24\xe6\xfb\xf9\x78\x81\xd3\x5c"
	"\x77\x98\xf6\x47\x19\x67\x6c\x9d\x22\xb9\x92\x88\x94\x3e\x19\xa6"
	"\xa5\x49\xa0\x48\xc9\x5d\xea\x03\xc9\x63\xe4\xc3\xd6\x87\x2e\xef"
	"\x22\xea\x61\x83\x11\x24\xbc\xb9\xde\xd4\x46\x2e\x06\x9a\x27\x19"
	"\xc3\x7b\x67\xf8\x76\x78\x39\xbe\xbf\x74\x7c\xc1\xca\xd3\xd3\xa7"
	"\x58\x50\x2f\x41\x86\xb3\x82\x32\xc0\x5d\x40\x98\x61\xde\xcc\xc5"
	"\xd7\x45\xe9\xa8\x4d\x82\x34\x7e\x46\xd6\x6c\x18\x02\xb1\x22\xfe"
	"\x2a\x28\x34\xf9\x36\x81\x8c\xf3\x34\x0a\x06\x4b\xd0\xb3\x6f\x2c"
	"\x56\x03\x3f\xa7\x83\x5d\x96\x9c\xce\xc7\xef\xbf\x46\xdf\xeb\xc3"
	"\xf9\xe7\x67\xad\xcc\x7f\xa8\x7a\xef\xe5\x37\x10\x9a\xb4\xe6\xc1"
	"\xfd\x00\x25\x54\x53\x9b\xe7\x53\x3e\x3f\x9d\x84\xe0\x02\x3c\x4a"
	"\x57\xf8\x54\x04\x0b\x5c\x7c\x55\x8b\x8b\xab\x3d\xac\x78\xa7\x86"
	"\xf4\xda\x35\xa4\xb6\xa6\xf6\xe2\xcd\xd8\x40\x55\x44\xab\xdb\x42"
	"\x96\x01\x29\x4a\x74\xd0\xd7\x5b\xe1\x7a\xa2\xb7\xfe\x89\x55\x12"
	"\x1e\xf4\x54\x51\x16\x57\x5a\x91\x81\x52\x2e\x8d\xb4\xbd\xc6\x53"
	"\xc0\x68\xf9\x91\x22\xe5\x35\xda\xce\x00\x14\x0a\x34\xf0\x2f\x9d"
	"\x25\x5e\xdd\x0d\x36\x82\x06\x79\x11\xa2\x25\xfb\x5b\x24\x7e\xde"
	"\x85\x68\xe3\x75\x5e\x87\x5c\xf4\x0c\x88\x76\x43\x9d\xc9\x57\x3c"
	"\x57\x8e\x03\x09\x74\x78\xbb\x69\xde\x86\xf5\x38\xa3\x79\x31\x06"
	"\x71\x67\x52\xe4\x75\x77\x07\xa6\x7b\x97\xdb\x81\x69\x9e\x8a\x77"
	"\x50\x24\xcc\x29\x78\x97\x30\xe2\xf2\x07\xc7\x42\xcc\x57\x3a\xb0"
	"\x46\x4d\x6a\x42\xd1\xb5\x83\x5c\x9b\x76\x40\x42\x14\x5d\x73\xde"
	"\x34\x01\xc1\x14\x0a\xf4\xca\x41\x14\x68\x45\xc8\xb6\xf0\x8c\xcb"
	"\x38\x3b\x23\xea\xb2\x8e\xc7\x73\x13\x32\x88\xb3\x60\x65\x02\x2d"
	"\x0b\x3f\xe4\x23\x92\x9a\x70\x9b\x90\x21\xb1\x9d\x3b\xa0\x30\x43"
	"\xde\xe2\x75\x31\xc6\x5c\x02\xbe\x22\xdf\xd3\x5f\x2d\xae\xd2\xcc"
	"\xb3\xb6\x95\x73\xcb\x76\xec\x3b\x50\x98\xab\xa1\x2e\x97\xf3\x3d"
	"\xd6\xcc\x49\x61\xb6\x35\x42\xca\xd2\x04\x01\xd5\x79\x46\x92\x2a"
	"\xf3\xc9\x9d\x50\x23\x2c\x62\xc6\xde\x7a\x48\x3d\xf0\xd6\x43\x8d"
	"\x23\x10\xf3\x05\xb0\xbc\xa3\x63\x85\x7f\x09\x23\x28\x65\x33\xcc"
	"\x1a\x48\x81\xcd\x27\x66\xd8\xae\xbc\x87\x87\x12\xb2\x89\xcd\x9d"
	"\x96\x45\x36\x66\x5b\xd6\x41\xf1\x7d\x64\x3a\x77\x8d\xd3\xf2\x91"
	"\x92\xd2\xc8\x64\x8f\x5c\xe8\x80\xb3\xbc\x71\x2d\xcd\x68\x36\xdf"
	"\xb9\x46\x18\x59\x06\xe6\x65\x39\xc8\x73\xb2\x0d\x73\xbe\x5c\x31"
	"\x66\x44\xef\x63\x2f\x8d\x4c\x28\xf3\xcc\xa4\x7b\x2f\xc8\xe1\xe9"
	"\xbb\x09\xb8\xe3\xfb\x41\x6a\xec\x8f\x34\x43\xe3\xbe\x77\x51\x71"
	"\x12\x26\x41\x71\x4f\x66\xd4\x9c\xdb\x0e\x54\x4e\x5c\x1a\x34\xee"
	"\x1b\x21\x5b\x7b\x5c\x7e\x37\x76\x2d\x2b\xad\xb1\x91\xc1\x1f\x0b"
	"\xe3\xb4\x2b\x33\x7f\x36\x5f\x8e\x67\x8e\x31\xb3\x9e\x14\x7b\x95"
	"\x18\x64\xcd\xcf\xf3\xb0\x8a\x22\x88\xc3\x29\x5e\x1b\x4e\xb5\xf1"
	"\xfd\x99\xf8\x65\xa1\x9d\x0f\x1b\xa6\xd9\xc5\xa2\x60\x95\x16\x70"
	"\x6d\x83\x23\x34\xe7\xf4\x76\x2f\xa5\xfb\x19\x9d\x3a\x1a\x18\xdc"
	"\x0a\xe0\xbc\x17\xfa\xe2\xfe\x04\x57\x5f\xc0\x1e\xab\xde\x2d\xca"
	"\x9d\x00\xd7\xc3\x03\x0e\xfc\xe5\x96\xe0\x0d\x29\x72\x10\x4a\x37"
	"\xa1\x97\x43\x54\x28\xbc\xa2\xe9\x96\xe4\x79\xa8\x41\xa8\xf1\x23"
	"\x14\x85\x0f\x0b\x8a\x46\xb1\xb1\x0c\x77\xaa\x68\xae\x08\xa1\x70"
	"\x63\xb1\xc4\xf7\xc0\x3d\xff\x1a\x1f\xf5\xe0\x9b\xe8\xb7\x1d\xce"
	"\x54\xeb\xd2\x83\x7f\x6d\xd7\xda\xe1\x8a\xbe\x35\xe3\xf2\x3d\xff"
	"\xc3\x71\x35\xab\x77\x0b\x9a\x4c\x11\x33\x7d\xd1\xf7\x61\xf2\xd0"
	"\x1c\xb9\xf4\x5d\x44\xd7\x24\x65\x7c\x2b\x1e\x9c\x4b\xd9\x8f\x5f"
	"\x5f\xc7\xa7\xc3\xeb\x28\x3a\xfc\xaa\x3f\x87\xe5\xf0\x6c\xdd\x39"
	"\x30\x25\x69\xd6\x68\xe0\x68\x10\x6e\x54\xd9\x5c\x3c\x0e\xdd\x78"
	"\x25\xd3\x9e\x04\x9c\x31\x2e\xcf\x96\x51\x16\x22\x87\x9d\xe6\x58"
	"\xdc\x2b\x52\xa4\x1a\xce\xbc\x5d\x10\x78\x0a\x0b\x98\xb6\x0c\xd1"
	"\x84\x4a\xd8\x78\xb8\xe3\xf1\x00\xbd\x3d\x9d\x26\x65\x5c\x79\xe5"
	"\x72\x09\x2e\x35\xec\x4e\x91\x9a\x43\xca\xad\xe7\xeb\xcf\xe3\xc7"
	"\x8f\xfa\x93\xf7\xfd\x4d\xe1\xaa\xae\x62\xad\x96\xb1\xf4\xf1\x23"
	"\xcc\x2a\xd7\x92\x5b\xed\x20\x0a\xc8\x76\xc4\x9e\xe1\x7c\x1f\x6f"
	"\xb4\xd9\x03\xd9\xd1\x68\x2f\x93\x0c\x3e\x17\xfa\x5c\x3c\x0f\xa8"
	"\x20\x3e\xaf\x3c\xfe\xbd\xae\x0a\x7c\xdb\xb4\xed\x99\x6d\x1a\xfd"
	"\x7e\x64\x2e\xf9\x84\x0b\x3e\x50\x34\x2a\xed\x28\xf4\xc0\x71\x45"
	"\xca\xc2\x22\x90\xf5\x07\xcb\xbe\x62\xb4\xbc\x1d\x5e\xa5\xd4\x00"
	"\x56\x6d\xf5\xeb\x21\xe8\xb2\xca\x13\xbe\xf8\xaa\x89\x31\xf8\xa1"
	"\xba\x69\x2f\x65\x5a\xf1\x50\x2d\x09\x2b\xb8\x64\x4b\x54\xda\xb2"
	"\x9f\x93\xe4\x1b\xa6\x49\x93\xcc\x98\xda\x96\xd1\x5e\x52\xf3\x44"
	"\x3a\xef\x11\xf8\x8f\xe4\x36\x4b\xe5\x26\x32\xb8\x94\x18\x24\x36"
	"\x7f\xaa\x15\x6c\x53\xab\x52\xf1\x6d\x23\x11\x87\x7a\xee\x4a\x6c"
	"\x06\x45\x5e\x0a\x5b\x5a\xea\x69\x56\xfa\x2b\x2a\xa1\xb1\x19\x14"
	"\xdc\x09\x82\xd0\x5a\x0c\x55\xeb\x5d\x91\xed\xb0\x23\xf9\x04\xb1"
	"\x29\x03\x85\x45\x86\xf3\xf1\x42\x9a\x1b\x33\x92\xf9\x69\x38\xa3"
	"\x65\x15\x81\x2b\x3d\x53\x5e\x7d\x0e\xec\x90\xfc\x58\x93\x3d\xf1"
	"\x3d\x73\xe6\x71\x91\xa1\xb9\x67\x1a\x1a\xca\xb1\x1d\x8c\xca\xba"
	"\xf2\xfa\xdc\xcd\xa2\x4a\x7c\xd9\x4f\x12\xd2\x22\x75\x4a\x75\x69"
	"\x9d\xb9\x85\xf5\x48\x49\xa8\x65\xe6\xb8\x06\x37\xe0\xa7\x54\x03"
	"\xb7\xef\xe8\xe9\xde\xb2\xd1\x21\x2a\x57\xd2\x6a\x01\x1b\x7a\x4f"
	"\x3d\x2e\x77\x4a\xb8\x5c\x7a\xf1\x17\xd0\x6a\x64\xaf\x8b\xf2\x40"
	"\xe5\x8b\x7d\x26\xc7\x2d\x14\x09\x55\x41\x11\x33\xe3\x86\x5c\x52"
	"\x44\x1f\xd1\x90\xd7\xbe\xc3\x98\x63\x23\x6a\x81\x4b\x09\x22\xb0"
	"\xbb\x1c\x64\xeb\xba\xf3\x17\xbf\x3e\xea\xdf\x69\x13\xde\xf4\xe3"
	"\xb5\xfe\xbb\xfe\xfc\xa7\x5f\x77\x7e\x8d\xd8\xbf\x8f\xe7\xa7\x1f"
	"\x43\xd7\xf3\x4d\xee\x31\x84\x6c\x0a\x1d\x90\x22\xc7\xae\xac\xea"
	"\x50\x0b\x21\xaf\xe7\xfa\xf3\xfd\x70\xae\x47\xf1\xe9\x79\xd0\x8f"
	"\x68\x93\x25\x84\x7d\x8b\x8a\x78\xd8\x78\x46\x88\x11\x29\xd8\xe9"
	"\x0a\x97\x1e\xea\x18\x83\x0a\x1f\xae\xa6\xb5\x42\x5d\x85\x4a\x85"
	"\xdb\xa1\x09\x1e\xc7\x72\xbc\xc9\x98\x0e\xdf\x5e\xb6\x56\x52\xdb"
	"\x1c\x1c\x9e\x05\xcd\x67\x72\x62\xa3\xdb\xed\xb8\x4a\xe1\x79\x79"
	"\x51\xda\xf5\x75\x07\x49\xad\x3f\x39\x56\x34\x77\x00\x2a\xba\x75"
	"\x4e\xe7\x74\x04\x3d\x88\x0e\x89\x1b\x75\xb7\x95\x1e\x6e\x5e\x45"
	"\xf3\x7d\x56\xa4\x6a\x2b\x9b\x54\xdc\xbf\xf0\xad\x3e\xbc\xe8\xa6"
	"\xa6\x8d\x39\x84\x08\x56\xd9\xc4\xab\xbc\xe3\x16\x1f\xb2\xc1\xa2"
	"\xcc\xc3\xc2\x1f\x74\xbb\x24\x2d\x32\xb5\x9a\x24\x8f\xf9\x3f\x21"
	"\xda\x6e\xe6\xaf\x75\xd4\x0c\xa7\xf9\x5b\x94\xb4\x29\x39\xc3\x8f"
	"\x51\x72\xc9\xd6\x54\x43\xf4\xd7\xe1\x94\x73\xf1\x18\x1b\x8e\x47"
	"\x5e\x63\x79\xdc\x15\x03\x83\x38\x88\x59\x11\xd2\xa1\x1b\x5f\xb0"
	"\x4f\x01\x13\x8d\x8e\x79\x23\x18\x6c\xb4\xb1\x6d\x7b\x69\x4d\xfc"
	"\x5b\xc9\x73\x2c\xd0\xbc\x1c\x8e\xa8\x09\x9c\xff\xd7\x5b\x38\xb8"
	"\x25\xab\xa0\x6f\xbe\x0e\xe6\x9f\x03\x13\x59\xe4\x40\x48\x61\xd9"
	"\x88\x07\x9f\x06\xc0\x9c\xe9\xc4\x25\x38\xc0\xa3\xf1\xd4\x41\x5e"
	"\x84\xdd\x00\xae\x06\x40\xf3\xf1\xd8\x9a\x58\xd6\x04\x87\x44\xb1"
	"\xe3\x3a\x63\x2d\x1d\xf3\x4f\x72\xa5\x2f\x30\xdf\xb7\x2d\x60\x6c"
	"\x69\x00\x19\x25\x0b\xd7\xd1\x14\x81\xfa\x28\x6d\xf2\xcf\x9c\xc5"
	"\x64\xa2\xa7\xbb\xba\x06\x64\xae\x8b\x04\xf4\xb9\xd1\x1d\x3d\x7d"
	"\xaa\xcd\x7f\xee\x8e\xb5\xf9\xa3\xce\x63\x6f\xdd\xe3\x1a\xfa\x6f"
	"\xea\x68\x00\x3e\x17\x3f\xec\x09\x1b\x23\x8f\xc4\x9a\x4c\x10\x7f"
	"\xb8\x82\x78\x8d\x28\xae\x61\x45\xdf\x9e\x8f\x75\xbd\x50\x38\xee"
	"\x42\xd3\x8b\x05\x25\x10\x1f\x5d\x03\x88\xa8\xbb\xc0\xde\xb8\x5e"
	"\x39\xd9\xfd\x1b\xa7\x3f\x14\xbe\x3d\x5d\x68\xea\x18\x32\xc7\x5a"
	"\x46\x8e\xb5\xd8\x19\x31\xca\xab\x35\x65\x31\x10\x06\x2f\x7f\xbe"
	"\x1e\xdf\xff\xfa\xcd\xfa\x87\x90\x01\xf2\x95\x37\xba\xd8\x8a\xff"
	"\x7c\x87\x38\xa3\x03\xef\x50\x46\xbf\xdd\x4c\x36\xff\xd1\x5b\x4e"
	"\x3c\x50\x32\x69\xc6\x88\xed\x19\xa6\x8d\x16\xf4\x38\xda\xe5\x88"
	"\xaa\x54\xd0\x4b\x16\xe4\x77\x70\x40\x35\xa4\x46\xbc\x36\xbf\xf8"
	"\x3c\xbe\xbc\x48\x5a\xab\xae\xb5\x9c\xba\xfe\xb6\x46\x74\xad\x1b"
	"\x5a\x65\xc0\x2f\xd4\x94\x2f\xc2\xeb\xb4\xd0\x70\xc6\x05\xb8\x0e"
	"\xf8\xf6\xef\x61\x37\xaf\x12\x54\x6f\x35\x2d\x41\x29\x12\xc5\x5b"
	"\x02\x11\x5a\x84\x1b\xc5\x57\xd8\x30\x52\xbf\x96\xb5\xa8\xd6\x54"
	"\x52\x1e\x50\xd1\xcd\xc7\x8f\xf3\xe1\xcf\xd7\xfa\x6b\x74\x6e\xfa"
	"\xfa\xc6\x52\x49\x7d\xfe\x7e\x04\x21\xf3\xf2\x76\x6c\xf4\x1b\x0c"
	"\xc9\xf9\xf0\xf9\x52\x9f\xfb\xfc\x74\xed\xfc\x9c\x24\x0c\xc2\x23"
	"\xdc\xd1\x15\x78\xc4\x75\x09\x97\x91\x04\xb9\xe7\x97\x60\x49\x50"
	"\x60\x71\x8d\xe1\x5a\x9c\xb1\xd0\x0b\x23\xac\x53\x43\xfe\xff\x24"
	"\xf4\xf8\x11\x64\x40\x06\x08\xf8\x8a\xd7\xb7\x80\xcd\x0b\x0a\xaa"
	"\x23\x39\x41\x91\x0b\x20\x69\x4d\x8b\x94\xed\x87\x13\x5b\x07\xcf"
	"\xff\xf1\x79\x7e\x1a\x77\xdc\xfa\x01\x84\x93\x8b\x14\x91\x7b\x80"
	"\x8e\x09\x79\x40\x4b\x36\x5c\xa4\x69\x05\x48\x9e\x30\x3a\xb6\x81"
	"\x64\x3a\x73\x09\x80\xfc\x44\xb6\x6c\xdc\x2b\xc9\xf5\x13\xe9\x60"
	"\x37\x33\x90\xac\x38\x8c\xee\xa6\x57\x65\x18\x54\xaa\xeb\x68\xb9"
	"\xd6\xf9\xa6\x27\x3a\x5f\x4d\x97\xa1\xa6\x03\xf2\x4f\xfb\x1d\xf1"
	"\x3c\xf7\x5b\xc0\x1c\x6d\xe6\xc4\xdb\xcd\x11\xc3\x86\x16\xe2\x33"
	"\x35\x3e\xc0\x20\x04\x79\x95\xdc\x81\x4c\x11\xdd\x64\x0b\x59\xef"
	"\xe3\xb9\x3b\xd5\xd7\x37\x26\xbb\xe9\x02\x91\x7d\x5b\x4c\xce\x5c"
	"\xea\x18\xca\x0a\x59\x64\xd9\x48\x68\x56\x19\x63\xdf\x93\x11\x72"
	"\x89\xd6\x82\x76\x1c\xe2\x6a\x11\x19\x5d\xa2\xbe\x10\x24\xcc\x78"
	"\x7a\x07\xc8\xb9\x07\x74\x0f\x66\x6e\x18\x8d\x89\x55\xcc\xf5\x83"
	"\xe1\x3d\x3a\xf6\x83\x16\xc1\xb8\x08\xbc\x40\x9c\xee\xb7\x98\x65"
	"\x8c\xfa\xce\xba\x8e\x3a\x67\x64\xcb\x08\x71\x11\xd7\x46\xdd\x5c"
	"\x6c\xfd\x50\x05\xb1\x33\xb6\xf5\xf3\x21\xdf\xcc\xe7\xf2\xb5\x56"
	"\xf3\xfc\x95\x1f\xf7\x0c\x93\x16\x7a\x74\x61\xee\xf4\xc5\xc4\x3c"
	"\x65\x6d\x33\xc4\x35\x42\x26\x8e\x19\x62\x5e\x1b\x16\x63\xf3\xa4"
	"\xb6\xf4\x53\x28\x5f\x60\xee\x2c\x6f\x43\x37\x31\x8f\xee\xd4\xb2"
	"\xee\x58\x3c\x26\xf3\x3b\x16\x21\xdb\x34\x7d\x6c\xcb\x30\xa1\x63"
	"\x9a\xcd\x16\x2e\xb2\x29\x0d\xf8\x12\x05\xfe\x39\xbc\x3f\xdf\xb3"
	"\xf8\xfb\xcc\xc1\x8c\x7f\xe4\x1a\x9a\x18\x99\xf3\xd1\x82\xf6\x55"
	"\x6b\xd9\xeb\xe1\xcc\xe5\xec\x37\x73\x3d\x2c\x7b\x3e\x35\x31\x08"
	"\x16\x9f\xab\x0b\x71\x8d\x9c\x38\x9d\xbb\xd5\x92\xc4\x61\xb4\x37"
	"\x21\x67\x13\xd3\xe4\xb0\x27\x63\xfd\x14\x63\xc5\x83\x35\x2b\x88"
	"\x81\x51\x26\xf3\xc2\xd0\x7a\x80\x38\xae\x11\x82\xf8\xe0\xb8\x42"
	"\x58\x3c\xb5\x0d\x8d\xf2\x1e\x27\x73\x03\xd3\xe6\x99\x4b\x0d\xb3"
	"\x0c\x18\x42\x3f\x83\xbe\xed\x93\x47\xd9\xb1\xa8\x60\x8c\xd3\xfb"
	"\xef\x20\xcd\x1b\xf8\x25\x8b\xc6\x86\x75\x1e\x10\xfa\x2a\x2e\x0b"
	"\xfe\x97\x69\x2f\x60\xc9\x86\x21\x33\x4f\x74\xa8\xf0\x84\xae\x0a"
	"\x6e\x0d\x65\x36\x35\xc8\x04\xf9\xcc\x19\x8a\xd2\xc0\x0f\x9b\xac"
	"\x7e\xff\xe2\xa7\x53\x43\x27\x74\xde\xca\xc1\xe9\x6c\x28\xba\x5a"
	"\x4c\x6e\xcf\xc0\x6e\x01\xd9\xae\xa9\x88\xd5\x10\x07\xf4\x23\x9b"
	"\x11\xb6\x4f\x68\x55\xec\xaa\x20\x11\x21\xe3\x40\xdd\x26\xc2\x44"
	"\xb6\x4a\xee\x5b\xee\x1c\xb2\x92\x22\xa0\x41\xda\x25\x80\x55\xfb"
	"\x1d\x93\xa9\xa9\xf4\x56\x17\x5e\x8a\xe4\x84\xb3\xeb\x0a\xaa\x32"
	"\x78\xf8\x88\x3d\x02\x63\x3c\x47\x62\x0d\x6e\x2b\xb2\x0b\x21\xe7"
	"\x61\x51\x5f\xf8\xf7\xc7\xf2\x86\x0b\x95\x08\x4c\x82\xc8\x74\x78"
	"\x72\xc7\x5c\x54\x83\x53\xf6\xf0\xf0\x66\x11\xc4\x79\xc7\x32\x6f"
	"\xae\xd5\x4d\xe4\x66\x72\xa8\xa8\xab\x62\xf5\x12\x32\x90\x3e\xfa"
	"\x31\xe9\x39\x03\x67\xc8\x57\xe0\x38\x1b\x9c\xa4\x93\x4c\xf9\xea"
	"\x91\xa6\x10\xc0\x10\x86\x21\x5e\x21\x46\x70\x37\x0c\xd6\xdf\x6a"
	"\x5f\x5f\x39\x89\xbe\x1e\xeb\xf7\xb3\xc4\xc1\x57\x5e\x42\xf3\x8b"
	"\xc9\xe0\x79\x86\xa7\x7b\xe5\xb2\xff\x74\x51\xe4\x07\x96\x2a\x12"
	"\x17\x95\x3b\xad\x41\x16\x72\xc8\xdf\x2c\x31\x02\xe7\xe0\x36\x24"
	"\xcc\x40\x07\x03\xb9\x1b\xca\xae\xf9\xcd\x47\x2b\x29\xbb\xb5\xba"
	"\x24\x7b\x10\x70\x05\xd1\x05\x5d\x20\xbd\x17\x1a\x2a\x20\x8e\xe5"
	"\x9a\x5e\x1e\x7a\x3e\x7d\x9e\xbe\x4e\xdf\xcf\xa3\xf5\xaf\x8f\xfa"
	"\xf3\xf7\xcd\xe8\xe5\x67\xfd\x75\xee\xbf\x8a\x65\x05\x59\x35\x91"
	"\xf4\x6e\xac\x9b\x87\x2c\xb6\xe1\x12\x6a\xb0\x58\xce\x03\x01\x12"
	"\xba\x26\x2f\x22\x7e\x6c\xc7\x48\xf3\x99\xed\x78\xc3\xf7\x59\xf9"
	"\x7c\x66\xd9\x25\x42\xb2\xe6\xf3\xa0\xec\x1f\x6a\x79\xab\xbf\xce"
	"\x97\xb7\x4a\xd7\xe5\x51\x90\xc8\xd3\x53\xfd\x5a\x7f\x9e\xde\xea"
	"\xb3\xb2\x68\x12\xce\x0a\xd6\xd4\x46\xac\xc8\x2e\xd4\x49\xff\xcd"
	"\x05\x79\x3f\xbc\x9e\x5e\x46\xe7\xd3\xe8\xf9\xf8\x72\x3c\x1f\x5e"
	"\x41\x71\xc3\x8b\xec\xe7\x3f\x9b\x22\x91\xd7\x38\x69\x86\x1c\x7f"
	"\x38\x69\x6e\xa1\x5f\x59\x88\x22\x94\x93\xec\x39\x5a\xd5\xb6\x9e"
	"\x7f\x1e\x7f\x7f\x3e\x7e\xd6\x4f\x30\x55\xd0\x4a\x17\x33\xc5\x31"
	"\x6f\x43\x3e\x7c\x1c\x9e\x78\x26\xef\x4f\xf5\x5d\x2d\xb7\x5c\xb4"
	"\x79\x96\x8b\xb6\x61\x36\xe9\x97\xec\x8b\x1a\xf3\x7f\x9a\x12\xd9"
	"\xaf\xf7\xf3\x8f\xfa\xeb\xa8\x14\xb8\x98\x3b\x58\xae\x9c\x34\xe9"
	"\x3f\x9e\xac\xcf\xff\x3e\x7d\xfe\x25\x7a\xe8\xd7\xff\xd5\x9f\xff"
	"\x39\x0a\xdf\x3e\xea\x67\xd1\x3e\x8a\x34\xca\x5d\x38\xfd\xa3\x19"
	"\xe1\xbd\xf9\xbf\xf5\xa8\x7e\xaf\x3f\x5f\x7e\x8d\x04\x97\x01\x17"
	"\x86\x54\xfe\x36\x98\xcd\xdd\x7e\x2d\xf2\xfa\xeb\xf4\x0a\x9a\xe7"
	"\x3b\xba\xd4\x66\x0b\xac\x4b\x6d\x2e\x2b\x5b\xfd\xd1\x67\x1f\xf5"
	"\xe1\xaf\x9f\x1f\x90\x23\x2f\xa6\x1e\x7d\x7d\xd4\xf5\xd3\x0f\x29"
	"\x94\x40\x33\xe1\xab\x9e\xe3\x9e\x0b\xf7\x3c\x7f\x9e\x8e\xcf\xdd"
	"\x0d\x7f\xdd\xe8\xbb\xda\x35\x59\x98\x03\x3e\x80\xa7\xb0\x8e\x0b"
	"\x84\x8b\x59\x41\x14\x3f\xf4\x22\x7f\xb5\xa6\x07\x42\x8f\x45\x22"
	"\x02\xf1\x90\x85\x96\xab\xdd\x67\xe5\xa7\xff\x10\xf8\x15\xd4\x73"
	"\x41\x0c\x5a\xe2\xe1\x07\xcf\x80\xa1\x24\xdf\x04\x69\x59\x18\x50"
	"\xeb\x32\x79\x30\x40\xf8\x86\x87\x02\x60\xbb\x14\x35\x02\x13\x06"
	"\x05\x24\x43\xe4\xa8\x22\xf0\xcd\x32\x8d\x7c\xd0\x9d\x92\x38\xa8"
	"\xca\x04\xfe\x6c\xd7\xda\x6e\x94\x11\x40\xa2\x96\xa8\x40\xc4\xc3"
	"\x8c\x01\x35\x45\xfc\xe0\x5e\x06\xd9\x4b\x31\xbf\x5f\x5c\xb6\xaa"
	"\xb8\x5c\x35\xb3\x27\xc3\xb2\xd3\x8a\x55\x10\xde\xc2\x4b\x11\x7d"
	"\x7e\x99\x84\x7c\x98\x58\x46\x72\x6c\x93\x00\x03\x20\x1a\x3d\x54"
	"\xbb\x28\x81\xc8\x7e\x0f\xdb\x6f\x39\x1a\x75\xb5\x58\x0e\x97\xb2"
	"\x0d\x23\x6a\x8d\xc7\x63\x61\x34\x60\x40\x60\xd7\xe3\xd8\xd3\xd1"
	"\x07\x36\xc3\xe4\xfe\x55\x1e\xec\x31\xd3\x8b\x2c\x9c\x0c\x2c\x09"
	"\xab\xc3\xd7\x5f\xf5\x79\xe8\xd1\x2c\x97\xe5\x40\x0a\x85\x60\xbb"
	"\x88\x73\xbd\x15\x67\x94\x65\x88\xf8\xe7\xa1\xeb\x9c\xef\xb7\xd7"
	"\xa7\xfd\x43\x22\x07\xef\x5b\xd0\x0f\x73\x41\xe2\xa1\xec\xba\x69"
	"\x22\x9b\x40\x0c\x40\x96\x07\x7c\x98\x3a\x82\xf8\x6d\x70\xae\x81"
	"\x47\x9a\xe0\x5d\xf4\xf5\xf4\xf4\x57\x13\x4d\x17\x56\xca\x6e\x33"
	"\x3a\x03\x0a\x92\x0f\x81\x30\xbc\xc3\x15\x8e\x84\xf4\xf9\x60\x62"
	"\x0b\xf0\x16\x39\x41\xee\x39\x3b\x30\x16\xba\x8a\xc3\x48\x04\x85"
	"\xdc\x9c\xcb\xa0\xc9\x3d\x20\xc4\x0f\x6a\x07\x44\x7d\x1a\xcc\x90"
	"\x7d\x5e\x81\x2d\x6c\x63\x13\x29\x83\xb0\x74\x15\x12\xc0\x0d\x10"
	"\x8f\x69\x1e\x3e\x0e\x8d\x7c\x67\x96\xc1\xa3\xcd\xee\x42\xda\xa1"
	"\x61\x37\xc6\xdd\x31\xa5\xc6\x6a\x6a\x22\x83\x29\x28\x79\x54\x1b"
	"\x2e\x12\x9c\xd5\xb9\x73\x8d\xeb\xe7\xe3\xa1\xa8\xff\x82\x80\x71"
	"\xb7\xdd\xa6\x9b\xd1\x40\xac\x33\xa9\x1c\x7b\x86\x38\xb5\x54\x6a"
	"\x83\x78\x37\x55\x5b\x66\xdd\x85\xba\xab\x97\x66\x77\xe5\x35\xbb"
	"\xab\x5e\xf3\xbb\xf2\x42\x2c\xd5\x25\x14\xaa\x89\x90\x50\x6a\x94"
	"\x2d\xa4\x44\x2c\x52\x99\x82\x1a\x8c\xd8\xa5\x62\x66\x43\x2b\x53"
	"\x1b\x5e\x8c\x64\xa5\x96\x0c\xb6\x9f\xd2\x15\x60\x1f\x43\xbb\x31"
	"\xbf\xfa\xe4\x30\x5e\x69\xc9\x36\xd5\x92\xb3\xc0\x50\x7c\xec\x67"
	"\x26\xc4\x72\x45\x97\xda\x4a\xc0\x09\xd6\x94\x09\xf3\xb5\x15\x85"
	"\xf0\x5c\xa4\x09\xa3\x85\x62\x36\x7e\xa0\x25\x07\x09\x3a\x1b\xd1"
	"\x50\x6f\x0a\x6a\x71\x07\xdf\x3c\x80\x8f\x8f\xc7\x6a\x9d\x66\x19"
	"\x17\x62\x86\xdd\x3f\x6d\xf9\x7e\x9f\x80\x49\x1f\xb2\xd4\xb0\xd3"
	"\xcf\xcf\xa7\xba\xff\x36\xa7\x89\x0c\x9b\x76\xdc\x74\x35\x29\x59"
	"\x9e\x7a\xdd\xc6\x47\x0f\x2c\xa7\xe2\x6c\xdd\x11\x65\xb9\xec\x2a"
	"\x9c\x30\x29\xd1\x78\xe5\xf4\x2a\xd8\x14\xe0\xfe\xb4\xcb\x75\x0a"
	"\x22\x4d\xa3\x0a\x82\xc1\x91\x5c\x8e\x6f\x2c\x14\x52\x79\x4e\x8a"
	"\x92\xc3\xc7\xe3\xb9\x3b\x77\xbb\x5e\xb9\x58\x18\xc1\x3b\xc6\x2b"
	"\xc4\x9a\x5a\x63\xf1\x9f\x54\xd0\x74\x72\x05\xf0\x0c\x16\xb6\x25"
	"\x69\x43\xf2\x4b\x80\x61\x2e\x2f\xcd\x65\xad\x75\x47\x7c\x55\xda"
	"\x17\x93\x30\xf2\xd2\x9d\x9a\x4f\xbc\x2e\x11\xd5\x57\xeb\xdf\x16"
	"\x05\x38\xf6\xb8\x8a\x79\x96\xc3\x87\x9b\x8b\xde\x0f\xa3\x5f\xaa"
	"\x83\x9a\x89\xf2\x06\xd0\xd8\x7f\x14\x19\x74\xcf\x19\x71\x5c\xca"
	"\x41\x8f\x9b\xa4\x9b\xf5\x41\x23\xc9\xc1\xb1\xee\xf8\x34\x12\xc4"
	"\x51\x76\x78\xa9\x85\x15\xc7\x88\xa9\x9a\x93\xe6\xeb\x30\xad\xb2"
	"\x55\x01\xba\x50\xf9\x14\x23\xd3\xaa\x28\x23\x43\xaa\xd9\x1e\x8e"
	"\xf7\xeb\x66\xc6\xb4\x59\x35\x10\x7e\x24\x89\x96\x9a\x83\x83\xf2"
	"\x11\xbc\x49\xd0\x20\xaf\x0e\xbf\x08\x63\x05\x97\x38\xcb\xd5\x5a"
	"\x53\xdb\x4d\xe7\xa9\x4c\xba\x6c\x92\xd5\x5e\x55\xb4\x8b\xc0\x2f"
	"\x0c\x3a\x74\x70\xc0\x2f\xc4\x6a\xe3\x68\x4e\x61\xca\xd7\x2a\xad"
	"\xda\xd8\xea\x19\x0c\x52\xdb\x0e\x08\x76\xc5\xbf\x9c\x49\x7b\x04"
	"\x7f\x3b\x9d\xeb\x8f\xcf\xd3\x53\x7f\x7d\xc8\x03\x70\x7b\x77\x31"
	"\xcf\x68\xd0\x1f\x6f\x5f\x2f\x03\xc0\x2c\x66\x92\xda\x4c\x24\x80"
	"\x62\x7b\xe8\x91\x48\x43\x54\x6c\x63\x9b\x44\xa1\x54\x5d\x89\x87"
	"\x89\x39\x62\x62\xdf\x00\x1b\x7d\x5f\xff\xc8\x9f\xd2\xd1\x6f\xec"
	"\xd7\xd7\xb9\x7e\x1b\xa5\x5c\x86\xff\x71\xfc\xf8\x07\x9c\xfb\x9f"
	"\x8e\xdf\x39\x1b\xfb\x8a\x6a\xec\xed\xf5\xf4\xc2\x93\x21\x4c\xaf"
	"\xa2\x35\xf3\x3e\x4f\x87\xe7\xa7\xd3\x9b\x42\xbb\x9d\x29\x21\x5c"
	"\x5c\x4e\x63\x56\x78\x7d\xd5\xca\x2e\xfb\xe7\x2d\xc6\xef\xe3\xe9"
	"\x93\x8b\xab\x03\x45\x1c\xff\x2b\xde\x0d\xa5\x77\x85\xc1\x7e\x4f"
	"\x8b\xc1\x4c\x96\x39\x69\x36\x49\x89\x2d\xfc\xcd\x52\x89\x19\xdc"
	"\x21\x66\xe0\xa4\x6e\x9b\x93\x4c\x09\xf9\x49\x2f\x7b\xa9\x1c\x1d"
	"\x53\xa4\x82\x35\x71\xb2\x2a\xd1\x83\x7e\x77\xf9\x80\x04\x79\x8d"
	"\x81\x94\x28\x53\x22\x8c\x66\xf1\x63\x7a\x75\xc0\xc7\xea\xa7\x9f"
	"\x9f\xc7\xf3\x2f\xb9\x75\xfc\xf8\x46\x32\xda\x55\xb2\xc0\xef\x8b"
	"\x3d\xbb\x74\x69\xd3\x10\xc4\x56\xb2\x19\x72\xa3\x2f\x01\xec\x5e"
	"\x8e\x71\x4c\xb2\xab\x82\x46\xcd\x95\x6d\x33\x4d\xd4\xce\x36\x87"
	"\x56\x62\x93\x87\x21\xd8\xc4\x88\xf5\xdd\x8d\x0c\x0f\xc8\x87\xf5"
	"\xfc\x0d\x59\x23\x14\x77\x10\x73\x0b\x19\x1b\xce\x9f\x17\xad\x94"
	"\xe8\xe9\xc7\x9f\x87\x57\xce\xcd\x5a\x76\x96\xdd\x1a\x08\xea\xee"
	"\xf8\x7a\x7c\xff\x1b\xfb\xe8\x72\x31\xb3\xa1\x43\x4b\x51\x26\x34"
	"\x5b\x20\xba\xb4\x75\xb8\xfc\x1c\xad\x4e\x3c\xa3\xf7\x53\x97\xa9"
	"\x2f\x24\x7e\xf8\xdf\xb4\x0e\xdd\xd3\xc4\x0f\x62\x92\xf8\xca\xd0"
	"\x5c\x61\x59\x90\xc3\xb6\x0a\x2f\xc4\xb1\x4e\xba\x61\xe1\x2d\x3d"
	"\x23\x1b\x33\x12\xac\x49\x59\x46\xee\xc9\x93\x6f\x0e\xe1\xa6\xff"
	"\x30\xb7\x6d\xe5\xd0\x8b\x89\xeb\x14\x6d\x03\x21\x67\x79\x80\xee"
	"\x5a\x0a\x9a\x4b\x9c\xf7\xa3\x21\x88\xb4\x0e\x7d\x1b\x9c\x4a\x3c"
	"\x8e\x1c\xb2\x45\xdc\x15\x54\x28\xf2\x44\x0b\x82\xbf\xcf\x4f\xa7"
	"\xf7\xd6\xc1\xdf\x40\xdb\x1a\x38\x97\xa9\x69\x85\xfa\xbd\xb8\x60"
	"\x50\x53\xd2\x0b\x1d\x7c\x1e\x3a\xae\xab\x83\xe4\xc5\x7c\x31\x73"
	"\x88\x0e\xc2\x62\xd7\x45\xee\xec\x2f\x88\xf6\xb9\xf9\xe0\x75\x62"
	"\x9c\xe6\x7b\x75\xcb\xce\x22\x6b\x66\xff\x3f\x69\xcf\xb6\xdc\x36"
	"\x8e\xec\xaf\xa8\xf2\x74\x4e\xd5\x4e\x45\xbc\xc9\xd2\x43\x1e\x28"
	"\x92\x92\x10\xf1\x66\x82\x94\x65\xbf\xb0\x1c\x47\x19\xab\x36\xb6"
	"\x73\x6c\x79\x67\xb2\x5f\xbf\xdd\xe0\x45\x00\x81\xa6\x7c\x6a\xab"
	"\x26\x93\x08\xdd\xb8\x10\x68\x34\x1a\x8d\xbe\xd4\x49\x9e\x50\x2c"
	"\x96\x27\x32\x43\xec\x9e\x24\x65\x87\xa2\xbe\x30\x2c\x7c\xb9\x5c"
	"\xa8\xa7\x04\x0b\x0d\x86\xdc\x24\x32\x86\xeb\xed\x1b\x8a\xe4\x3e"
	"\x99\x2c\xa0\x33\x7c\x52\x13\xae\xe5\x8a\x04\xd5\x97\xd6\x81\xf9"
	"\x71\x4a\xc2\x40\x17\x92\x2c\xe5\xd5\x20\xd2\xba\x84\xb8\x45\x45"
	"\x1e\xa2\x0f\xfb\xe8\xfc\xf1\xc8\x2e\x5a\x73\x5a\x12\xce\xbb\x78"
	"\xad\x63\x18\x86\x46\x3e\xf8\xe8\x65\x8d\x3d\x7a\x11\x79\x46\xfc"
	"\x70\x1f\x3b\xae\x47\xe6\xcd\xe8\xe0\x94\xf6\x75\x99\xf8\x16\xf1"
	"\xea\x05\x20\xca\x1f\x70\x99\x04\x96\x37\x6d\x42\x6e\x99\xd9\x92"
	"\x6f\x13\xad\x86\xbe\x43\xd8\x07\x81\x44\x5a\x84\x84\xd2\xae\x81"
	"\x2d\x68\x18\xa1\x28\x16\xcb\x5e\x64\xe8\xab\xdc\x8c\x76\xcc\x77"
	"\x54\x2c\x60\xd9\xe2\x39\xa8\x13\x36\xeb\xa5\xf7\x3c\x5c\x10\x90"
	"\xe0\xeb\x16\xae\x7b\x84\x94\x1c\x38\xb6\x43\x39\x7a\xf9\x57\xae"
	"\x47\xaf\x62\x07\xa7\x5d\xcc\xfc\x2b\x2a\xdb\x10\xc0\xe6\x2e\xf1"
	"\xbc\x07\xb0\x85\x47\x68\x6f\x1b\x18\xf1\x29\xfb\xc0\x9d\x12\x06"
	"\x87\x00\x9b\xd9\x04\xaf\xe4\x81\xef\x90\xa9\x0b\xcb\xed\xdc\xa1"
	"\xd2\xe0\x00\x6c\xe9\x7b\xff\xd5\xbb\xaf\x3d\x23\x5f\x70\xed\x85"
	"\x45\x83\xe6\x14\xc8\xbd\xa2\x1f\x92\xe9\xbe\xae\xe8\xbe\xae\x16"
	"\x0e\xf9\xfc\x3c\xbf\xa2\x40\x0b\x9b\xac\xb5\x20\xdc\x6f\x02\xf1"
	"\x22\x63\xe1\xd1\x68\x3e\x8d\xd2\x5d\x14\x67\x79\x17\xa8\x32\xa3"
	"\x72\x5a\xcc\x5d\xc2\xd8\x6d\xb3\xa7\x32\xb4\xb1\xd4\xb7\xf7\x7b"
	"\xb2\xe7\xb8\x0c\x6c\x97\x50\xcf\x0a\x18\xe5\x78\x85\x30\x42\xc9"
	"\x0a\x87\xb7\x45\xd9\xf8\x22\xcc\xa2\x82\x40\x35\xc0\x39\x09\xa3"
	"\x0c\xb3\xf1\xe5\x64\x46\x7c\x7f\x12\xe4\x8e\x4d\xd8\xe8\x23\xcc"
	"\x25\x74\xc0\xe7\xa3\x1b\x6d\xd9\x30\x07\xd9\x7e\x30\x87\x06\x44"
	"\x4f\x28\x60\x11\x51\xbe\xf1\x48\xf5\xe5\x13\x32\xf5\xab\x2b\xca"
	"\xa4\x50\x5c\x81\x39\x5c\xd7\x6a\x46\xad\xdc\x19\x65\x47\xa1\xf0"
	"\x50\x08\x63\x49\x16\x8e\xb8\xc0\x95\x0c\x91\xa6\x73\x2b\x18\x05"
	"\x13\x96\x05\x1d\xd8\xe5\x53\xc2\x11\xb1\xc1\xb0\x6c\xcb\x99\x8f"
	"\xc1\xa7\x73\x6e\x4d\xed\xd1\x16\xe6\x7c\xea\x8d\x62\xcc\x2c\x3e"
	"\x23\x7c\x09\x04\x06\xf4\x60\x79\x23\xe0\xab\x05\x61\xb0\xd1\x80"
	"\xe7\xb3\x39\xf9\x09\x65\x1c\xb8\x1e\x11\x61\x73\xb7\x9a\x59\xd3"
	"\xe1\x0e\x24\xb8\x29\x1a\x28\x77\xff\x86\xe2\xfb\x06\x41\xe1\xb1"
	"\x72\xcd\xd5\xeb\xcb\xf3\x69\x12\x3d\x7f\x57\x98\x2f\x9e\xab\x45"
	"\x04\xbc\xdf\x10\x34\xc8\xef\xb2\x74\x0d\xd8\xf5\xdc\x99\x19\x0c"
	"\x5e\x1e\x0f\x4f\x22\xae\x53\x63\x79\xa9\x56\x29\x63\x9f\xd7\x98"
	"\x20\x4b\xd8\x5a\x12\x62\x4b\x34\x23\xc4\x92\x20\xe0\x73\x8a\x65"
	"\xf9\xd7\xc3\x90\xc8\xe7\xb9\xbc\x9b\x2f\x74\xf7\xc5\xcd\xf1\x7b"
	"\x67\x1c\x8a\x56\x50\xcd\xe3\x6d\x37\x55\x9c\xe7\x1d\xb0\x07\xa8"
	"\x22\x08\xcf\xdb\x8f\x18\xc4\xd6\x6f\x5f\x82\xdf\x9f\xe5\x99\x0f"
	"\xc7\x57\x47\x36\x95\x99\x12\x86\x92\x00\x72\x66\x53\x12\x44\x1a"
	"\x45\x79\xae\x6d\x91\x20\x77\x46\x83\x28\x51\xd6\xf3\x16\x76\x41"
	"\xc3\x1c\x1a\x36\x25\xbf\x6c\x66\xbb\x05\x29\x37\xe1\xb1\x31\x23"
	"\x8d\x94\xbc\xd9\x7c\x46\x56\x45\xf0\x62\x36\x22\x77\x7b\x57\x84"
	"\x10\x24\x40\x73\x12\x34\xb3\x68\x10\xf9\x95\x23\x52\x85\x43\x1a"
	"\xd3\xcd\xe7\xc4\x95\x23\xcc\xb3\x12\x5d\x9d\xcd\x40\xee\x52\x29"
	"\x80\x93\x99\xed\x10\xb3\x09\x67\xa2\x67\x91\x67\xb0\x37\xb7\xc9"
	"\xe3\xd2\xbd\x22\x5e\xe8\x11\xb6\xb0\x49\x0e\x0c\xe3\x9f\xce\x6d"
	"\xd2\x55\xbb\xc1\xf0\xbc\xab\x31\x26\x19\x1a\x8c\x65\x71\x47\x7f"
	"\x7f\x7f\x7a\xfa\xdd\xea\x9f\xba\x8d\xb8\x7a\x3d\xfc\xdf\xfb\xe1"
	"\xf9\xe1\x77\x6f\x0e\xf7\x6f\xf4\x44\x0e\x43\xfe\x39\x8f\xe3\x0e"
	"\xab\x79\xfc\x12\x6f\x18\xf7\xa7\x97\xd7\xcf\xe1\xf1\xed\xf4\x7a"
	"\xfc\xf6\xde\xa6\x26\x94\x4d\xe4\x06\x1e\x64\x8d\xa7\xc6\xe3\xfd"
	"\xdb\xe1\x8f\x18\xda\x38\x7c\x9f\xc4\x2f\x2f\xbf\x26\xff\x03\x8d"
	"\xff\xef\xe4\x47\xdf\xf9\x9b\xd4\xb9\xda\xe0\xca\x75\x0c\x12\x74"
	"\xc7\x3f\xfe\xfc\xfd\xfa\xf2\xf6\xf0\xf2\xeb\x00\x20\x9d\xb9\x8a"
	"\x3b\xe8\x94\xe4\x04\x08\xa5\x5c\xba\x3a\xe8\x6c\xec\x76\x4b\xb2"
	"\x9f\x7d\xc1\x5d\x8f\xba\x84\xae\x2d\xea\xce\x93\x57\xce\x14\x2e"
	"\xa8\xd4\xee\x6c\x6f\x7a\xeb\xdb\x22\x1b\xb9\xe8\xb1\x72\x0d\xb2"
	"\x9a\x3e\x65\x9b\xc3\xfd\xcf\xd3\xa3\x74\x08\x75\xa5\xaf\xa7\x49"
	"\xd1\x44\xa5\x79\x3e\x9e\x86\x53\xb8\x8a\x5c\x97\xda\x8a\x02\xe6"
	"\x52\xbb\xc3\x99\x8e\x48\xa8\x08\xd4\x3d\x7a\x36\xef\x4f\xc7\xef"
	"\xc7\xd3\x6f\xe3\x62\x26\xb6\x43\xc8\x1d\xe1\xa6\x24\x0e\xc1\x0d"
	"\xca\x44\x84\xdc\xba\x29\xb9\x4d\xec\xdf\x4d\x59\x11\x10\xce\xae"
	"\xa8\x1b\x24\x82\x6c\x7d\xda\x19\xec\x99\x13\x3a\xfa\x3f\x1d\xee"
	"\xdf\xde\x5f\x0f\x4f\x07\x90\x35\xde\x61\xa6\x0d\xa4\xea\x4e\xc7"
	"\x88\xd1\x25\x35\x1e\x0c\x28\x8a\xa4\x9a\x16\x4c\x9d\x08\xdb\x64"
	"\x3f\xa3\x2e\x3d\x3b\x24\xc9\xd9\x28\x49\x4a\x38\x54\x0f\x2d\xd9"
	"\xc6\x3c\x99\x85\xdc\x10\x35\xe1\xf8\xe7\xe3\xc9\xbc\x7d\xbf\x86"
	"\x35\xa7\xf4\x2e\x7e\xec\x60\xc6\x71\x33\x2c\x0f\xf9\x82\x0a\x4f"
	"\x23\x80\x54\xee\xe6\xe5\xc6\xa2\xd2\x5e\x23\x88\x12\xc3\x12\xc7"
	"\xb6\x28\x93\x9a\x84\xf4\x82\x03\x90\x43\x5c\x83\x03\x8c\x99\xe2"
	"\x91\xa0\x19\xa1\xfd\x58\xe7\xb6\x9f\x03\x15\xfa\xd3\x29\x61\xc1"
	"\x29\x24\x34\x8c\x62\x11\xdb\x8b\x29\x71\x4b\x54\x91\x88\xf8\x33"
	"\x02\x68\x11\x87\xdc\x57\xee\xc3\x5d\x85\xf0\x50\xca\x8b\x29\x19"
	"\x6f\xa5\x2c\xc8\x50\x29\x3b\x60\x19\x6e\xc0\x29\x8e\x02\xac\x88"
	"\x58\xf0\x2c\x2f\x81\x16\xcc\xad\xe6\x30\x4e\x7b\x4a\x82\x39\xb3"
	"\x2c\xc7\x21\x41\xae\x47\xe9\x7d\x1c\x87\x4a\xe7\x5c\xd6\xd5\x8e"
	"\x71\x62\xde\xca\x80\x3b\x2e\x61\x72\x28\x60\x84\x4b\x79\xb7\x62"
	"\x25\x2c\x0a\xe5\x54\x2d\x60\x73\x1a\x76\x45\xb4\x0d\x30\xd7\x73"
	"\xa8\x30\x77\x9e\x35\xb7\xcd\xf6\xb7\xbb\x20\x8d\xc9\x35\xd9\x45"
	"\x49\x3c\x9b\x12\x26\x91\xbb\x78\x46\x69\x77\xef\x60\x31\x6d\xdb"
	"\xe0\xd9\x96\xdc\xff\xf9\x7c\x38\x35\x6a\x6a\x23\x33\xd9\x92\x99"
	"\xd6\x05\x88\x10\x7a\xb7\xd3\xc5\x82\x60\x40\xad\x36\x39\xf1\xd7"
	"\xe9\x08\xef\x3d\xe3\x90\x5a\x50\x7f\xed\x50\x1e\xc1\x49\x12\x38"
	"\x9e\xed\x4e\xc7\xf8\xaa\x68\x9c\x16\x07\x3a\xd2\xd8\x24\x81\x37"
	"\x77\x1d\x3a\x55\xf5\x00\x6f\x30\xdc\x66\x92\xcf\x81\xf1\xb4\xab"
	"\x72\x52\xed\x0d\x67\xdf\xc3\xcf\xe3\xb3\xb6\x28\x8a\x04\xf7\xeb"
	"\xe5\x04\x27\xe2\xd1\xf8\xc0\xe0\x51\xa1\x64\x43\x6e\xcd\xa7\xa4"
	"\x1a\xcb\x73\x09\x5e\xdc\xc0\xae\x48\xb9\x9c\x62\x88\x08\xb3\x1c"
	"\x5a\xd6\xa7\xb6\x47\x99\xc7\x46\x39\x67\xf8\xed\x6f\xa7\x7b\x55"
	"\x1c\x88\x93\x7c\x61\x4d\x0d\x42\x5c\xfe\x7a\x78\x43\x29\xc2\x48"
	"\xe2\xcb\x7c\x3a\x9b\x26\x6b\x82\x12\x73\xea\x6d\x63\x93\x53\x53"
	"\x99\xc7\x96\x35\xa2\xde\x6f\xc0\x24\x5d\xe7\x31\xd0\x35\x71\x09"
	"\xe2\x1e\xa9\x6a\x04\x90\x73\x35\x46\xf0\x22\x28\xbb\x79\xbe\x3d"
	"\x4a\x56\xdd\xe4\xf6\x74\x66\xfe\x8c\xbb\xdc\x87\x03\x7a\x66\x96"
	"\x4b\x9e\xd1\x03\xc7\x34\xd7\xdc\x59\x38\x9e\x61\x79\x5e\xfe\x3e"
	"\x3e\xa1\x04\xdb\xa8\xa0\xde\x1a\x37\x27\x43\x03\xe2\xf8\x24\xcf"
	"\x3a\x16\xfa\x05\x26\x77\x8c\x28\x3f\xd0\x62\x85\x2e\x4e\x84\xaa"
	"\x8f\x17\x2b\x42\x2c\xe7\x7b\xe8\x73\x4a\x56\x9a\xff\x97\x6e\x45"
	"\x96\xe9\xde\x51\x1e\x9e\x7e\xe1\xb5\x91\xa0\x5a\xd8\x93\x2c\xa9"
	"\x45\x04\xfd\x2c\xc8\x2a\x2a\xf5\x4f\x12\xef\x17\xd3\x19\x71\x34"
	"\x36\x40\x4a\xb9\x9a\xe4\x53\xe2\x7d\x4e\x80\xae\x88\x53\xef\x96"
	"\x13\xab\x23\x40\x76\x68\x0c\x7d\x99\xc8\x21\x2f\x93\x3e\x4e\xcf"
	"\x59\xde\x80\x42\x34\xc7\x5c\x95\x89\xb9\x7e\x63\x7f\xc0\x78\x3e"
	"\xac\xd5\x69\xc8\xcd\x62\x0c\x20\x88\x28\x70\x06\x1b\x79\x56\x5c"
	"\x4f\x1e\x1e\x8f\xbf\x74\x27\x4d\x80\x60\xba\x28\xd5\x9e\x54\xc9"
	"\xd3\xdd\x16\xe0\x22\xd5\x69\xf1\xc5\x1a\x96\xef\x1c\x1d\x77\x07"
	"\x67\x4c\xc9\xe5\xac\xc9\x45\xc9\x30\xed\x06\x5a\x9a\x04\xb2\xdd"
	"\x35\x7e\x2a\xd6\x28\xfd\x02\x43\xf6\xfa\xb1\x92\x60\x8a\xe5\x7e"
	"\xb0\x1d\x86\x2a\xed\xcd\xe9\x30\xd5\x00\xfc\x28\x8b\x2c\x8e\x65"
	"\xa3\xd2\x06\x52\xb2\x36\x1c\x9a\xdc\xe0\xca\x90\xf9\x30\xdf\xdc"
	"\x4e\xf8\xfb\xb7\x37\x61\xe7\x76\x9e\x99\x36\x55\x55\x1b\x6e\xff"
	"\x3c\xcd\x9b\xdb\xc6\x23\xc2\xcc\x62\x83\xa4\xde\x66\xa9\x2f\x12"
	"\x0f\x20\xae\x79\xa9\xa0\x8d\x7c\xef\xd7\xf6\x3c\x4d\x44\x72\x81"
	"\xcb\x58\xd8\x9e\x89\x5a\x00\x47\x98\xd5\x2a\x49\x01\xba\xd2\x6a"
	"\x40\x78\x6d\xf1\x9e\x8f\x0d\x4c\x54\xe4\xa6\x20\xb0\x9d\x2f\x1e"
	"\x62\x95\x95\xea\x13\xe2\x87\xcb\xae\x9c\x32\xac\x46\x70\x00\x14"
	"\x9a\x93\xfe\xbf\xa2\x7b\x3f\xcf\x37\x59\x1a\xd5\x49\x98\xcc\x66"
	"\x04\xa3\x12\x36\x48\x54\xd2\xd2\x24\xd0\x75\xcf\xf9\xe1\x15\xc3"
	"\x84\x08\x4e\xfc\xd4\xe8\x38\x4c\xf1\x7c\x91\x7e\x03\x4c\x77\x3a"
	"\x62\x4e\x1a\x04\xa6\x6c\xe6\xc2\xa4\x45\xb6\x55\x15\xde\x88\xbc"
	"\x6a\x0b\x55\x83\xd4\x3c\x22\x7b\x28\x0c\xb9\x13\x75\xcf\xc9\xc6"
	"\xf1\x51\xf7\x84\x5c\x32\xe1\x0d\xc8\x64\x8b\x3f\x15\x26\x87\x0c"
	"\x1b\xd4\xea\x22\x39\x7c\xfa\x76\xc4\x50\x72\xff\x78\xfc\xab\xfd"
	"\xc7\xbf\x9e\xbf\x37\xff\x92\x9c\x0b\xf5\x1e\xc7\xcd\x86\x07\xf8"
	"\x68\x1a\x86\x51\xe7\x82\x2d\x45\x2d\x31\x5b\xa6\xbb\x90\x11\xf9"
	"\x8d\x42\x7f\x6f\x0a\xfb\xba\x53\x1c\x4a\xc5\x4f\x9d\xff\x0a\x3b"
	"\xa0\xd5\x20\x1b\x8b\x6a\x52\x28\x5b\xfb\x6d\x6e\x26\xa7\xd7\xfb"
	"\x07\x21\x04\xe8\x14\xc3\xcb\x64\x24\xc6\x43\x69\xf6\xbc\x43\xf7"
	"\x47\x22\x6c\x84\xc9\x3c\xa9\x8c\xa2\x6e\x30\xf0\x4f\x93\xf1\x20"
	"\xdc\x88\x22\x33\x43\x2a\x31\x8d\x37\x26\x6c\xc7\x56\x4c\x36\x98"
	"\xe7\x69\x11\xf9\x35\x11\xfd\x22\xaa\xc0\xda\x46\x05\x86\xe7\x20"
	"\x70\xcf\xb6\x71\x59\xae\x9c\x63\x9c\x11\xb6\xf7\x3c\x66\x09\xe5"
	"\x19\x29\x42\x90\x63\x68\x77\x2a\xf9\x64\x63\x1b\x83\xc9\x49\x8b"
	"\xf5\xad\x88\x4a\x1d\xd7\xa1\x69\x40\x7a\xc8\xec\xa6\x84\x32\x5e"
	"\x43\xf7\x5c\x34\xf0\xfe\x2d\x17\x14\x11\x3a\xaf\xaa\x65\x5d\xa2"
	"\xc9\x5e\x43\x53\x67\xab\x15\x9c\x43\x5f\x1c\xcb\x9d\xd9\x0b\xbb"
	"\x03\xdc\x04\x1d\xa0\xcf\x64\xb2\x4a\x92\x5a\x84\x90\x96\x6a\x38"
	"\xde\xac\x7d\x74\xbb\x7f\x7a\x7b\x47\xda\xfb\xfd\xf6\xe3\x6d\xb2"
	"\x6a\x12\x81\x4a\xc6\x9e\x18\x43\xa6\xe1\xcb\xea\x78\xb6\xd1\xad"
	"\x9c\xed\x53\x69\xab\x4c\x27\xcb\xf7\xe3\xcf\xef\x93\xac\x8f\x73"
	"\x21\xdd\x01\x83\x7a\xe5\xa3\xe9\x84\x9e\xa1\x46\xae\xcf\x73\xa9"
	"\xf6\xf0\x80\x28\xb2\xb0\x0a\xca\x9a\x37\x92\x85\xc4\xfc\xd6\x19"
	"\x27\x26\x39\xac\x92\x1c\x88\x23\xdd\xaa\x9f\x31\x70\xf9\xee\x8b"
	"\x70\x51\x0a\xbf\x1e\x38\x8b\xf7\x50\x29\xf3\xa7\x06\x8b\x7d\x20"
	"\xf1\x6d\x63\x62\xaf\x01\x59\xca\xca\x5a\x89\x38\x7e\x86\xf9\x55"
	"\x99\x09\x77\x22\x25\x03\x86\xd4\x29\x66\x15\x1f\x64\x2c\x95\xba"
	"\x65\x09\x34\x8d\x41\x47\x91\xef\x45\xd4\x34\x9c\x47\x11\xed\x59"
	"\xd9\x84\xd1\x34\x75\xc6\xb3\x55\x19\x66\x28\xf6\x85\xc6\xc1\xe0"
	"\x1f\xb4\xdc\x8c\x2b\x0c\xe7\x5f\x14\x95\x48\x7b\x66\x1e\x5a\x11"
	"\xc1\x72\x45\x61\x5d\x24\xc6\x7c\x16\x88\x98\x30\x3e\x18\x06\x6e"
	"\x01\x5e\xfa\xa5\xde\x24\x1e\x23\x3d\x98\x68\x0f\xa6\xa9\xde\x64"
	"\x19\xda\xb0\x73\x6d\xc2\xfc\x9d\x40\x30\xe5\xa8\x16\xf4\xdc\xc6"
	"\x36\x95\x28\x4f\x64\x08\x92\xc8\xfd\xdc\x5c\x5e\xa1\x57\x31\x5b"
	"\xdd\x1a\x23\xaa\x34\x61\x6c\xf1\x1f\x06\x52\xea\xc0\xc3\xe1\x21"
	"\x76\x3f\x14\x53\xb0\xff\x87\xc6\xe7\xf9\x5f\xdf\xde\x05\x50\x58"
	"\x09\x48\x63\x56\xf6\x12\x2f\x99\x61\x23\x41\x2f\x00\x50\x87\x23"
	"\xc2\xb5\xe0\xbc\xf2\x32\xd2\xc6\xa4\x00\xb5\xb0\xfc\x23\xa8\xd7"
	"\xc1\x07\x11\x79\x6c\x3c\x9c\x0c\x9d\xab\xae\x28\x3a\xc2\x06\x84"
	"\x81\xd8\x30\x75\x30\x73\x01\x26\x08\xd7\x56\x57\x64\xa4\x90\xdd"
	"\xcc\x31\x4d\xd2\x75\x15\x55\x6a\xd1\x30\x99\x30\xe6\x3b\x52\x83"
	"\xa4\x42\xc9\x2e\x2b\xfb\xd3\x34\xa9\x40\xf4\xd6\x7a\x03\xc9\xa0"
	"\x46\x88\x74\x49\xa9\xa4\x24\xc0\x8a\x28\x81\x80\xcd\xce\x24\x48"
	"\x20\xa4\x0b\xd8\x9f\x87\x72\x6b\x1b\x16\x04\x55\x2e\xdc\x79\xd6"
	"\x6a\x73\xd8\x33\x4c\x57\x96\x86\xa2\xbe\xf9\x98\xc6\x86\x45\x9c"
	"\xa5\xe6\xe0\xa2\x91\xba\xde\x1b\xe4\x88\xca\xc4\x88\xb6\x72\x30"
	"\x3e\xb8\x57\x5e\xea\xd5\x5f\xe1\xd1\x57\x16\xb7\x34\x4a\xeb\x6c"
	"\x29\xa6\x7d\x64\xf8\x38\xc3\x68\x4b\x15\x35\x5c\x9a\x30\xd2\x6b"
	"\xa6\x29\xc0\xab\x30\x99\xe6\x57\xb4\x17\x67\x70\x7f\x84\xff\xdf"
	"\xd4\x41\x55\x14\x03\x13\x7c\x25\x05\x47\x30\x49\xee\x9f\xef\xff"
	"\x54\xb6\xa3\x9c\xdb\xae\xc9\xe7\xe1\xa7\xbe\x88\x4d\xac\x25\xcb"
	"\x66\xab\x3a\x58\x76\x70\xa9\x58\x90\x77\x4f\xe8\xca\x0d\x56\x80"
	"\x44\x3e\x76\x1e\x14\x51\x94\xd6\x65\x10\x27\x84\x46\xe7\xdc\x0e"
	"\xfc\xa9\x8a\xa8\xa9\x67\x92\x08\xa5\xf6\xc4\xc1\x89\x1b\xde\x34"
	"\x1e\x13\xd1\xaa\x95\x31\xa9\x6d\x16\x87\xc3\x09\x1e\x68\x84\x57"
	"\x20\xa6\x47\x85\xc8\x05\x23\xf9\x94\x9e\x0b\xdb\x01\xab\xfb\xbe"
	"\xad\x2a\x23\x8c\xaa\x9d\xe5\xf6\x1a\xf2\xf8\x30\x3a\x95\xb2\xd6"
	"\x84\x7b\x3d\x48\x12\x3a\x36\x8a\x21\x2b\xd3\x51\x52\xf4\x9b\x89"
	"\x29\x05\xa8\xa9\x86\x63\x2f\x59\xc9\xcf\xbe\xac\x59\x4a\x44\x8a"
	"\xec\x2a\x5f\x2f\x4b\x9b\xb4\x3d\xee\x70\x56\xdc\x9d\x4e\xc7\xdf"
	"\xf2\xa2\xd2\x23\x42\xe7\xf7\x18\xc1\xec\x12\x46\x79\xb5\xdf\x8f"
	"\xcc\x5e\x14\x03\xdc\x34\x67\xeb\x1b\x67\xbc\xe5\xf5\xcd\xc2\xf3"
	"\x88\x70\x7b\x2d\xaf\xc4\xf5\x30\xf4\xbd\xaa\xa2\x78\xed\x57\xeb"
	"\xa8\x5d\x2f\x29\x88\x19\x92\x77\xcb\xcb\xcf\x99\xfe\x42\xc1\xf5"
	"\xc5\x11\xad\x71\x01\x04\x1a\x77\x8d\x00\xe4\x59\xcc\x46\xd2\x37"
	"\x09\xdf\xb8\x68\x7f\x9b\x1a\xa5\x5c\xd1\xc2\x90\xf5\x0d\x45\x73"
	"\x7f\x19\x98\xc5\x01\x00\x98\x70\xdb\xf0\x2a\x54\x95\x96\x21\x9b"
	"\x6a\x62\xf2\x81\xc9\x53\xcb\x0d\x4f\xc0\x1b\x2d\x43\xd8\xbb\xb6"
	"\x15\x2e\x92\x28\x01\x73\xb4\x4c\x2d\x25\x59\x59\x66\xd4\x5d\x02"
	"\xab\x37\x08\xd4\x6d\xe2\x3c\xcc\xc9\xb6\x02\xc1\x57\x6a\x49\xeb"
	"\x6a\xf3\xfe\x8d\xfe\xd6\x4d\xb5\x34\x0d\x0f\xeb\x08\xb9\x62\xac"
	"\x62\x27\x60\x18\x6b\x2f\x5f\x40\x88\xc3\x7b\xcf\xf1\xe9\x80\xa6"
	"\x9c\x0f\xff\x1c\x6f\x0b\x65\xdf\xe0\xff\xd1\xd8\x01\x7e\x3e\x61"
	"\x3e\xa8\x91\x39\xec\xdb\xc5\xe0\x97\xa3\x73\x89\xb6\x97\xc3\x89"
	"\x1c\xec\x23\x9e\x78\xae\x27\xf9\xf6\xc3\x01\x2b\x22\x1d\x49\x12"
	"\xaf\x7c\xb5\x6d\x75\xf3\x8c\x2b\xa0\xe6\x94\xd9\xf8\x71\x5c\x2b"
	"\xe2\x0d\x16\xe8\x47\xa7\x28\x06\xa1\x1e\x24\x0d\x45\xc5\x2b\xca"
	"\xc5\x19\x86\x37\x56\x22\x9f\xd4\x39\xf3\x04\xb7\x93\x7c\x39\x95"
	"\x54\xce\x21\x2b\x22\xb8\x6a\x8a\x2f\x6b\xa2\x0d\x2a\x13\xb2\xbc"
	"\x3f\x9d\x0e\xaf\xbf\xbb\x7d\xa2\x79\x00\x2f\xfd\x12\x44\xd2\x5b"
	"\xe9\x0e\xad\x32\x1d\x0c\x75\xb5\xbb\xbb\x81\xa2\x20\xca\x8d\x97"
	"\x99\x32\xca\xe5\xde\x7b\x47\x84\xc6\x39\xbe\x82\xaf\x5b\xde\xa2"
	"\x4b\xe8\x60\x4e\xd5\xd4\x6c\x79\x08\xf2\x57\x3f\x18\xf8\x61\x8a"
	"\xb0\xd9\x81\x03\xc6\x65\xdd\x1f\x48\x65\x3d\x7f\x6c\xc4\x80\x33"
	"\xf1\xb4\x17\xf2\xae\x26\x90\x0e\x1d\x12\x6c\x88\x6c\xd0\x02\x28"
	"\x62\x63\x9e\xad\x33\xc2\xbe\x01\xf6\x12\xb5\x94\x5d\xeb\x98\xaf"
	"\x15\x8e\xbf\x28\x80\xdb\xb8\x3c\x64\x13\x1c\xbd\x39\x7c\xf8\x46"
	"\x4a\x08\x34\xd6\x59\xda\xcb\x91\xee\x81\x12\x87\xc1\x29\x23\xe9"
	"\xdb\x0d\xeb\x2d\x69\x26\xf1\x22\xdf\x53\x47\x58\xa1\x5f\x77\x0d"
	"\x64\x6d\x96\xb0\x45\x90\x80\xb2\xd5\x49\x8d\xb5\x9b\x87\xfd\x3a"
	"\x6e\x76\x26\xa1\x77\xf0\x09\xeb\x2d\x53\xd6\xba\x4b\x98\xb6\x61"
	"\x39\x35\xf9\x1d\x0e\xb4\x1f\x94\x85\xb2\x0f\xd3\xac\x6b\x98\xc8"
	"\x38\xd7\x92\x83\x46\x63\x83\x1d\xd4\x2a\xc7\xcc\x84\xb1\xcc\xeb"
	"\x95\x29\xfb\x05\x6f\x58\xb7\xf4\x0b\x99\xce\x8d\xbf\x8d\xe0\x06"
	"\x10\xb3\xb4\xda\xe3\x25\xbe\xf6\x6a\x77\x80\xe5\x67\x6a\x76\xce"
	"\xa6\xaa\x8f\x8a\xc9\xe6\x36\x68\x1e\x07\x62\xd1\x29\x8a\x3b\x89"
	"\x04\xcd\xd9\x45\x82\x98\xfa\x6b\x9e\x8e\x70\x00\x6c\xad\x39\xd3"
	"\xb5\xa1\xac\x58\x91\xdc\xf8\xb0\x1b\xc2\xec\x26\x8d\x33\x3f\xa4"
	"\xea\xfb\x39\x46\xd6\x2b\x2b\x8e\x01\x46\xb4\x66\x78\x5e\x91\x1d"
	"\x97\x8a\xc6\xac\xb3\xda\x5a\x7b\x68\x19\x47\x43\x30\xfd\xa9\x49"
	"\x4c\xeb\xa9\xe8\x92\x44\xdd\x21\x5e\x90\xa6\x3b\xb4\x81\x24\xdd"
	"\x64\x08\x07\x7e\xbe\x2e\x58\x7e\xc1\x00\xad\x1d\x30\xb2\x9c\xe5"
	"\x0a\xb6\x99\x76\xf8\x6d\x0f\xaf\xcf\x87\x9f\xbc\x3a\x73\xf5\x2d"
	"\x57\x1e\x5d\xe0\x27\x99\x78\x05\x61\x18\x2a\xf7\x26\x46\xed\x9d"
	"\x29\x74\x0e\x62\xc4\x3c\x69\x6e\x30\xac\xbc\x15\x7a\xab\x3e\xec"
	"\x42\xd7\xf9\xe4\x8f\x09\xaf\xe0\xd6\xab\x0c\xa2\x16\x45\x6a\x53"
	"\xa2\x08\x8e\x3d\x4c\x0d\x2b\xde\x55\xa1\xb7\x72\x38\xda\x06\x09"
	"\xfe\x0f\xc4\x5c\x6e\x88\x61\x9f\x91\xba\x36\x34\xa0\x50\x59\xfa"
	"\x61\x28\xb0\x9a\x69\x68\xc2\xb1\x7c\xac\x06\xbe\xd6\xd0\xa8\x4d"
	"\x9b\x8d\x0a\xd0\x08\xcc\x60\xd3\xc6\xfe\xad\x79\x06\x4a\xe0\x19"
	"\xd5\xe5\x61\x9c\xd1\x04\xbd\x5c\x18\x51\x9e\x65\xab\xba\xc2\xc0"
	"\x98\x26\x70\x7b\x28\x2b\xea\x5d\x69\x49\x58\x18\xc9\x6d\xdd\x26"
	"\xcb\x2c\xe6\x74\x37\xb0\x51\x81\x35\x45\x35\x8e\x0a\x05\x33\x81"
	"\x65\x42\xcf\x72\xb8\x69\x17\x51\x23\xa9\x74\x74\xb3\x3a\x62\x0c"
	"\x55\xf1\xe6\x2c\xc7\x6e\x08\xe0\x9c\x8b\x90\x0c\xc3\x36\xff\x91"
	"\x1c\xc2\x09\x03\xcf\xf8\x8a\x46\x3d\xda\x97\x76\x4d\xa8\x5a\x00"
	"\xe6\x0c\x60\x67\x88\xab\x64\x00\x16\x05\xb8\xc1\x70\x8a\xb1\xcd"
	"\x01\x08\xba\xc6\xa4\xae\x7b\x18\x53\xac\x83\xba\x8d\x31\x80\x44"
	"\xa9\x48\x9e\xa9\x44\x30\xed\xaa\x28\x30\x79\xc4\x2e\xb9\x51\xbf"
	"\x2e\x43\x5b\x46\xc6\xdf\x24\x32\xe6\x4b\x5e\x8a\xb9\x54\xa2\xe2"
	"\x44\x8c\xe3\x13\x28\x35\x63\x5f\x69\xd0\x9e\x06\xad\x57\x9c\x5c"
	"\x83\x2c\x18\x01\x2e\xcb\x91\xb1\xa4\x2c\xd6\xab\x76\x5f\x67\x8b"
	"\x7a\x12\x69\x60\x01\xee\x44\xbd\x14\xfe\xdb\xc3\x09\x5d\xe8\xc5"
	"\x86\x15\xed\x40\xfa\x8a\x0a\x48\x02\xb2\xac\xcf\x23\xe0\x0d\x22"
	"\x08\x19\xa0\xe1\x1d\x56\x5d\xe1\x0e\xb1\x41\x61\x21\x92\x54\x10"
	"\x81\xe0\x13\x87\xda\x78\x0b\x06\x92\x7b\xf3\x50\xa1\x8f\xc1\x4c"
	"\x22\x0d\x54\xb0\x30\x96\x7e\x85\xfd\xc4\xb2\x94\x9e\x21\x91\x8d"
	"\x18\x4d\xc5\x98\xa9\x87\xf8\x2e\x33\x15\xba\x7a\xe1\x1d\x2f\xb5"
	"\xd1\x47\x5d\xe2\x57\xd8\xde\xcd\x24\x70\x3d\xfe\x4d\x8f\x2a\x34"
	"\xa2\x28\xd4\x05\x3e\x6c\x6d\x1e\xfb\x4b\xb8\x53\x15\x98\xd4\x2e"
	"\x0e\xa9\xf1\x8b\xb7\xc7\x34\xe8\x26\x4a\xd5\xf1\x45\x45\xd6\x11"
	"\xc1\x79\xff\xb4\x65\xe4\xb6\xe8\x11\x06\x24\xd1\x97\x9b\x76\x79"
	"\x07\x33\x6c\xf3\x0e\x74\x27\x5b\x10\xf5\xa5\x41\x5c\x09\x7d\x7f"
	"\x8e\x72\xb9\x90\x9a\xbf\x58\xf2\x5b\x37\xf1\x8a\x4f\x31\x1b\x94"
	"\x23\x06\xdf\xdb\x96\xf5\x0b\x61\xdc\x2c\x4c\xb0\x7c\x61\x69\x20"
	"\x07\x9e\x4b\x43\x5f\xc8\xb3\x66\xf8\x90\x00\x4d\xc5\x20\x37\xac"
	"\x39\x05\x63\xa9\x38\x1c\xc4\x6f\x05\x07\x5f\xa3\x4a\xc5\xa4\xa8"
	"\x2f\x1c\x63\x67\x2d\xc6\xb2\x62\x71\xc9\xd2\x9a\xb3\x75\x0a\xe2"
	"\x62\x11\x29\x03\x18\xbe\x80\x84\xc3\x02\xd6\x14\x08\xfb\x0b\x65"
	"\x08\xbe\x2e\x2e\x77\xee\xd1\x55\x56\x4a\x82\xa4\xf8\x89\x69\xfb"
	"\x44\x58\x31\xf1\x30\x0f\x37\x03\x89\x30\x5b\x25\xab\x40\x03\xd1"
	"\x37\x1d\xdc\xb2\x1a\x00\xf5\xa1\x0d\x14\x58\x87\xc2\xb7\xaf\x57"
	"\x49\x69\x0e\x4a\xd5\x40\xec\xc1\xf0\x82\x32\x56\xf3\x34\x94\x40"
	"\x91\x2e\xc5\x69\x1b\x30\xc1\x69\xc5\xa1\xa8\x10\x5d\x60\xb6\x1c"
	"\x11\x98\x44\xd2\xea\x56\x0e\x1a\x34\x74\x2e\xed\x85\x03\xd4\x66"
	"\x18\xda\x36\x61\xfa\xf1\x8d\x7f\xcb\x51\x77\x0f\xb2\x2b\xd1\x2c"
	"\xda\xda\x98\x15\xaa\x12\xd2\x1e\x68\x42\xcc\xc1\x25\xc4\x04\x2f"
	"\xe1\x59\x6e\xa2\x11\x06\x74\x1f\xe1\xb3\x38\xbe\x26\xf4\xa2\x71"
	"\x70\xff\xf0\xa8\x46\xac\x5e\x71\x71\x26\xeb\xae\xc1\xe1\x1f\x45"
	"\x96\x7c\x0e\x77\xa1\x90\x8b\x34\xb1\x88\xf1\x6c\x31\x9b\x4d\x95"
	"\xd3\xed\x6b\x16\xb3\x48\xda\x5a\x77\x80\xa4\x4e\x70\x15\xae\x06"
	"\xab\xda\x58\x5e\x67\xfc\xf3\xca\x2f\x3f\xa7\xa5\xb9\xb3\xd5\xe0"
	"\x18\x4d\x38\xd4\x50\x4a\x76\x43\x14\xfc\xdd\x49\xd6\x01\xb0\x69"
	"\xe4\x78\x5f\x5c\xe7\xca\x04\x67\x19\xde\xf2\xd1\xce\xe3\xd3\xf1"
	"\xed\x65\x3e\xf7\x16\x7f\x58\x9f\xe4\x9d\x78\x46\xad\xca\xd5\xdc"
	"\x44\x6a\x80\x42\x50\x1a\x82\x2a\x11\x85\x4a\xba\xfa\x85\xc3\xe1"
	"\x36\x25\x61\x04\x0b\x8b\x8f\x7e\x11\x6e\x48\x56\xa8\x4c\xa9\xc1"
	"\xe9\xba\x01\xb0\xc8\x81\x62\xba\xe9\x85\x97\xbe\x5e\xc5\x90\xbe"
	"\xff\xfd\xf4\x63\xfe\x69\xd8\x25\xd0\x07\xf0\xf2\x02\x68\x12\x8e"
	"\x28\xb2\x3f\x1f\x2e\xe6\x29\x0e\x5e\x1c\x2e\x37\xc0\x1b\x23\x7d"
	"\xf4\xdd\x0b\xc0\x7e\xb4\x29\x62\x2a\xbb\x51\x0f\x4e\xf4\xb6\x78"
	"\x89\xd1\x28\x81\xcf\xd0\x13\xb2\x44\xca\x21\xaa\x42\x9b\x46\xb1"
	"\xa5\x1d\x10\x08\x72\x0c\x53\x9b\x6b\x4b\x36\x5c\xda\xb4\x1c\x08"
	"\x82\xa2\x40\x1b\xb3\x28\x2d\x6e\x74\xab\xc8\xb7\xc3\xfb\xf7\x97"
	"\xc9\x0f\xd3\x2e\xc0\x38\x95\x03\x86\x25\x8a\xb6\xc3\x88\x02\x32"
	"\x10\x0d\x6e\xcb\x58\x3e\x0b\xb2\xa0\x39\xfe\x93\x2c\x65\x8a\xf6"
	"\x58\x80\xfc\x5d\xa0\x75\x10\x6c\x58\x1c\x16\x51\x4a\xf5\xb1\xe2"
	"\xca\x32\x35\xfd\x96\x7a\x59\x38\xb0\xc4\x11\x85\x15\x33\x49\x5b"
	"\x68\xca\xa6\xec\x0f\xd5\x6a\xa0\x4c\x72\x75\x22\x44\xc1\x59\x48"
	"\xa1\xec\xca\x3b\x39\xcb\xfc\xbc\x5d\xad\xe1\x0c\x5d\x1a\x4f\x9d"
	"\x24\x4a\x56\x21\x88\x0e\x91\x5f\x46\xb2\x45\x69\xb0\x11\x7a\x83"
	"\x35\x5b\xfb\x69\xc9\x9a\x99\x95\xa3\x2a\x37\x41\xc2\x54\xe6\x05"
	"\x12\xa7\x10\x71\x9a\xcc\x17\xea\x01\x54\x60\x42\x7b\xfa\x0a\xe2"
	"\x87\x23\xb0\x15\x0d\x8b\x84\xd0\x63\x3e\x50\x79\x28\x04\x60\x75"
	"\x3e\x37\x74\x5b\x00\xca\x41\x8c\x24\xaf\x50\x23\xc3\x5f\x8e\x8c"
	"\x90\x06\x05\x85\x9f\x10\x20\x7e\x5d\xf9\x7c\x43\x00\x77\x23\x37"
	"\xc4\x84\xa5\x40\x29\xd4\x15\x31\x19\xf9\xfa\x9c\x86\x5d\xa7\x7b"
	"\x77\x14\x3a\xa3\xa1\x85\xa1\xd3\x6e\x9b\x08\xed\xbd\xb4\x97\x1a"
	"\x6d\x3e\x70\xef\x18\x9f\x28\xba\x0b\x95\xb2\xb3\x1a\x14\xb8\x4e"
	"\xf5\x60\xb3\x82\xbb\xc3\x73\x3f\x8a\xb7\x09\x3e\x84\x39\x77\xed"
	"\x0f\xe1\xe1\x35\xce\x88\xa8\xa2\x49\xdf\x38\x3e\x09\xdd\x99\xa6"
	"\x21\x6a\x08\x9f\xbe\x1f\x7e\xfc\xbc\x3f\x1d\x3e\x69\x88\x29\xcf"
	"\x62\x7d\xba\x73\xc5\x3c\xb1\x2d\x6c\x9e\x8b\xcf\xe4\x78\xcb\x77"
	"\xd4\x02\x57\x23\x8a\x85\xa8\x44\x2d\xa7\xcc\x14\x4c\xa6\xd4\xb2"
	"\xe6\x0b\x7e\x9c\xbf\x44\x12\x5a\x24\x70\x77\xee\xd7\x70\xee\x2b"
	"\x47\x8f\x0c\xbb\x22\x9c\xba\x54\x24\xc2\x0f\x53\x41\x9a\x13\x0e"
	"\xda\x03\x24\xfb\x23\x48\x1f\xea\xee\x03\x03\x9f\xcf\x3e\x32\x26"
	"\xc2\xd1\x7e\x80\xf4\x91\x81\x13\x3e\xbe\x03\x24\xf7\x23\x48\x1f"
	"\x99\x02\x22\x30\xdc\x00\x69\x71\x19\x69\xa1\x06\xd4\x30\xa2\x78"
	"\x53\x92\x88\x16\xce\x07\x26\x67\xe1\x7e\x60\x20\xf3\x2b\x7a\x72"
	"\xe0\x32\x81\x54\x5e\xcf\x2f\x37\x63\xd9\x1f\x21\x46\xc0\xb2\x88"
	"\xcf\xf6\x79\xc0\x98\xba\xdb\xba\xee\xad\xe1\x34\x74\x00\xfb\xe2"
	"\xc8\x9d\x8b\x18\x97\xbf\xde\xbb\x88\x31\xbb\x88\x71\x75\x11\x63"
	"\x71\x11\xc3\xba\xfc\x31\xd6\xe5\xaf\xb1\xe8\xcf\xd9\x66\x6c\x5e"
	"\x17\xe3\xe0\x8a\x04\x27\x7e\x80\x47\xaa\x9f\x8e\x62\x04\x51\x5c"
	"\x12\xe6\x95\x67\x94\xb4\x8c\xaa\x22\x1b\x47\x2a\x32\xb8\x1f\x5c"
	"\xea\xec\xb6\x60\x71\x7c\xa1\xbb\xb5\x1f\x5d\x44\x29\x22\xc2\xdf"
	"\xb0\xc3\x60\xf0\x5d\x7e\x1a\x8e\xe3\xa4\x15\x2b\x2f\x4f\xdf\xa5"
	"\x8f\x2a\xab\x62\x3b\xc8\x66\x25\x61\xe0\x6d\x59\x09\x70\x1d\x9b"
	"\x1e\x26\xab\x94\x05\x83\x17\xec\xb6\xa8\x35\xe5\x63\x77\x42\x99"
	"\x6b\x74\x67\x52\x02\xad\xeb\xe6\x52\xdb\x48\x4e\xa4\x82\xbf\x84"
	"\x24\xa0\xda\xc8\xe7\x51\xc1\xe1\x76\x07\x2b\x8d\x18\x68\x3b\x40"
	"\x88\xaf\x6d\x13\x44\x9c\x4b\x21\x63\xc3\x05\x98\x44\x41\x73\x9a"
	"\x70\x23\x69\xa7\x29\x3b\xef\xe6\x51\x33\x4c\x22\x2e\x5c\x27\x85"
	"\xb2\xd9\x6c\xe8\xdd\x60\x62\xb0\xf0\x26\xd2\x35\xef\xf1\x15\xe3"
	"\x96\x6a\xa8\xe0\xec\xca\x56\x7c\xac\xdd\x56\x30\x31\x55\xec\x85"
	"\x96\xfd\xaa\x48\xc6\xbf\x83\x78\x2f\xc5\x07\x5c\x11\xa2\x1e\x64"
	"\x71\x7c\x57\x2c\xbe\xb8\xd3\xc5\x4c\x89\x18\xbd\x81\x8b\x49\x84"
	"\x3a\x05\x54\x8e\xa2\xa2\x4b\xbc\x0b\x07\xaa\x3d\x94\x86\x34\x02"
	"\xaa\x57\xd0\x00\x3a\x7c\xa8\xf6\x4e\x43\x2c\x3c\x1e\x78\xee\x1b"
	"\xf5\x01\xa8\x09\x10\x46\x83\x05\x6a\xff\x37\x51\x9c\xcb\x36\x55"
	"\x46\xb0\x98\x81\x2f\x9f\x3e\x37\x37\xfa\xfa\xf0\xf7\xe9\xf3\xb7"
	"\xe3\xf3\xe7\xfb\xc3\xa1\x7e\x78\x79\x3d\xd4\x3f\x5e\x5e\xff\xba"
	"\x7f\x15\xde\x7c\xc3\xb9\x03\x92\x47\x5b\x0b\xe3\x0a\xb4\x30\xf1"
	"\xd4\x49\x1b\x6d\x6b\xe8\xb4\x19\x8b\x8e\x1a\x89\xd8\xad\x3a\x29"
	"\xf5\x18\xe8\x17\x82\xdf\xcc\x47\x70\x84\xfa\xa8\x88\xae\xe1\xba"
	"\x5f\xd6\x3b\x3f\xae\xa2\xb3\xa3\x95\x86\xcc\x59\x58\xfa\x4b\xbc"
	"\x54\x6f\x6a\x34\xca\xfd\xb2\x30\x7d\x4a\x42\xc5\x60\xef\x51\xca"
	"\x2c\xc9\x6e\xb3\x71\x1c\x3f\x87\x69\x4b\x88\xf8\x8e\x3d\x16\xda"
	"\x88\xe4\x2c\x1d\x47\xba\xf5\x8d\x19\x98\x51\x19\xbf\x56\x5f\x68"
	"\xfa\xa2\xf3\x83\x81\x09\xe8\xf3\xdb\x24\x89\x70\x27\x0f\x78\xd8"
	"\x19\x45\xf8\xfc\x35\xfc\xa6\x50\x5e\x4a\xa4\x56\xaa\x90\xa9\xc6"
	"\xef\x44\xf6\xe5\x68\x97\x18\xd3\x40\x34\x0a\xc2\x31\x72\xd4\x70"
	"\x06\x71\xee\x08\xb4\x2f\x9f\xde\x0e\x3f\x8f\xcf\xef\x7f\x7f\x92"
	"\x8d\x36\x26\x8f\xb8\x0f\x44\x78\x87\x17\xd5\xe4\x34\x39\x3c\xbd"
	"\xbc\xfe\x9e\x1c\x9f\x8f\x18\xb6\xeb\xf8\xef\xfb\x36\xc8\x5d\x1f"
	"\x72\x53\xe8\x61\x84\x8d\xc2\xce\x2f\x1a\x77\xad\x5c\xd8\x41\x49"
	"\x6f\x45\x46\xac\xbb\xa8\x40\x43\x2b\x25\x67\x22\x85\x27\xcf\x31"
	"\x13\x6a\xc1\x60\x0b\x87\x94\xea\x78\x2d\x81\xd0\x92\xb2\x1d\x05"
	"\xe1\x5e\xa0\xa0\x62\x17\x34\x9e\x78\xde\x8a\x51\x8f\xd6\xce\x65"
	"\x96\x8e\x22\xaf\x40\x50\x20\x70\x7b\xcd\x0a\x9c\x58\xbd\x5b\x6d"
	"\xf0\xfa\xfb\xd7\xe9\x65\x82\x2c\x69\xf2\xf2\x3a\x79\x3c\xfc\xfc"
	"\x25\x22\x12\x2a\xc8\xf8\xc2\xa6\xe4\x55\x52\x8a\x6d\xbd\x3c\xf2"
	"\x43\x63\xa1\x8e\xba\x8c\xb7\x01\xcb\x37\x32\x3b\x1d\x42\xf4\x4a"
	"\xc8\x28\x8c\x85\x3a\x6a\x21\xef\x91\x73\x99\x11\x51\xd7\x23\x74"
	"\x43\x27\x47\xe2\x53\xa3\xdf\xe6\xb9\x6d\x2a\xd4\x5b\x40\xd1\xc4"
	"\x30\x1c\xae\x64\x57\x6a\x4b\xc3\x0d\xb9\xa0\x75\x14\x84\xfa\xa4"
	"\x68\x3e\x32\x6a\xb9\xde\x6f\xfb\x22\x69\xc4\xee\x4e\x11\x61\x36"
	"\xc6\x35\xac\xf5\xca\xb2\xe7\x49\x15\x6b\x80\xb4\x8a\xcd\x85\xb6"
	"\xe1\x13\x73\xf1\x37\xfd\x99\x28\x7f\x0c\x7c\xce\x5a\x88\xf8\x2b"
	"\x34\x34\x99\x34\x10\xba\x4d\xd8\xf3\x1b\x10\xe5\x0c\x55\x89\x0c"
	"\x64\x2d\x94\xb3\xc4\xd4\x1f\x30\xbb\x5d\x64\x7b\x9e\xb5\xd0\x63"
	"\x08\xbc\x9f\x1e\x31\xce\xd0\xc3\xfd\xe9\xf0\x7d\x12\x3d\x3f\xe0"
	"\xf6\xc3\xc4\xdd\x7f\x1d\x4f\x8f\x13\xff\xed\xed\xe5\xe1\x28\x40"
	"\xe1\xfd\xe9\x5e\xdb\x86\x41\x90\xe8\xb3\x6e\x28\x0b\x36\x68\xa6"
	"\x6b\x4f\xf3\x2c\xbe\xb5\x9c\xa9\x67\x18\xa3\x1f\xad\x19\xb7\x88"
	"\x80\x72\x03\x9c\xf8\x22\x92\xed\xcd\xc6\x70\xe0\xb8\xad\xf8\x8c"
	"\x88\x9d\x25\xe3\x58\x83\xc0\x48\x83\xe9\x8e\xae\xd9\x4e\xfb\xd8"
	"\x08\x3e\x15\xb8\xdf\xae\xe3\x68\x4b\x11\x20\x15\xed\xf8\xdf\xf4"
	"\x09\x5c\x9a\x16\x39\x58\x2d\xe9\x4e\x83\x52\xdf\x0f\x81\x81\xfa"
	"\xa3\x60\x69\x68\x3a\x56\x9f\x7b\x74\x62\x5f\x06\x74\xd7\xfb\x92"
	"\x1b\x9a\x84\x93\x1f\x33\x5e\x8d\xae\x49\x08\x57\xb8\xb2\x4a\xf4"
	"\xa8\x9e\xf7\x6f\x8f\xd4\xd4\x80\x78\xa5\xf3\x54\x53\xe1\xde\x3c"
	"\x8b\xbb\xc4\x10\xeb\x36\x3c\xfe\x79\x78\x3b\xe9\x9d\x15\x81\x63"
	"\x07\x86\x1d\x0c\xc5\x86\xa6\x97\xb1\xbf\x8d\x6c\x3e\xf6\xc9\x0d"
	"\xca\x72\x0c\x05\x5a\x2f\xad\x69\xc8\x56\xf4\x8c\xaf\x8d\x27\xcb"
	"\xc8\x36\x4a\x42\x97\x6e\x2d\x09\x8d\x55\x18\x10\x6c\x14\xe3\xdf"
	"\x63\xa3\x2d\x92\xf0\xc2\xf6\x44\x8c\xd9\xf4\x02\xc6\x85\x9d\x09"
	"\x18\x8e\x3d\xb6\xe5\x36\xbe\xa5\xcd\x07\x14\x42\xb3\xa6\x62\xcf"
	"\x32\x2d\x1f\x00\x9c\xb1\x41\xf0\x64\x14\x5c\xae\x0b\x6b\x61\x8f"
	"\x61\xdc\xe4\x9e\xa5\x87\x76\x0b\x8e\xbf\x1e\x15\x27\x93\x9e\x63"
	"\x71\x23\x43\xe4\x83\x6c\x61\x1a\x46\x5a\x2d\x19\x1f\x39\x45\xfe"
	"\x53\xd9\x95\xf4\xc6\x91\x5b\xe1\xbf\x22\xcc\x29\x01\x12\x43\x4e"
	"\x34\xb2\xe6\xe0\x43\x2d\xac\xee\x4a\x57\x15\x4b\xac\x6a\xb5\xa4"
	"\x4b\xc3\x76\x14\x41\xc8\x48\x36\xb4\x00\x9e\x7f\x9f\xb7\xd4\xc2"
	"\xed\x51\x93\x83\x01\x8b\xef\x35\xc9\xe2\xfa\xd6\x8f\xa6\x38\x8b"
	"\x48\x31\xfa\x80\x4f\x7f\x8b\x84\x35\x35\x2c\x58\xaf\x59\xab\x9a"
	"\xa6\xce\x92\x6b\x3a\x1b\xc6\x5f\xdf\x63\x38\x97\xfb\x5c\x46\xc7"
	"\xa2\x0a\xee\xe0\xe0\x10\xda\x66\xb7\x59\x99\x9c\xd4\xac\x19\xb2"
	"\xd4\xd2\x9a\x2f\xa9\xd8\x82\x51\x2a\x5d\xb7\x32\xbd\x97\x5e\x1c"
	"\xae\xa9\xb3\xe4\x9a\x52\x99\xdc\xb3\xf1\xa0\xa3\x53\x36\x95\x7b"
	"\xc9\x7c\xc5\xf7\xc7\x1f\x08\x05\xe8\xaa\x26\xf3\xf0\x92\xa7\x2a"
	"\xa8\x89\x43\x1e\xfd\x4e\x5d\x9c\xfd\x43\xee\x14\x07\x44\x06\xf7"
	"\x0b\x3a\xe7\xe4\x1f\x4d\x01\x93\x8c\x1f\xf7\xe5\xe9\xdf\xdf\x1f"
	"\x4f\xba\xb7\xc7\xaf\x77\xcf\x33\x80\xb8\x07\x1a\xbe\xac\xf4\xa1"
	"\x3e\x16\xbd\xe9\x36\x89\x95\x63\x30\xb2\x42\x75\xfb\xe0\xe3\x88"
	"\x32\xdd\x1c\x81\x00\x4b\xb4\x6c\xd8\xa6\x26\x87\x98\x8a\x68\xa8"
	"\x88\xc5\x11\xb4\xfb\xaf\x1a\x75\x2e\x85\x40\x64\xfd\x4d\xa4\x6d"
	"\x02\x3b\x02\x7d\xe5\xdd\xf6\x17\xc6\x61\x92\xee\xff\x14\xb3\x11"
	"\x10\x94\x7c\x3e\xd4\x83\xe4\x2f\x23\x1b\xc8\x84\x81\xe1\x57\xb1"
	"\x3d\xc4\x10\xaf\x1c\x9b\x01\x65\x87\x5a\xb1\x0a\x2b\xb1\xdf\xe7"
	"\xcd\xc4\x33\xec\x73\x97\xed\xfa\xd7\xd3\xdf\x8e\x85\x32\x98\x2c"
	"\x88\x08\x04\x98\x13\xeb\xe8\x01\xfd\xae\x18\x3e\xc1\x6c\x0f\x03"
	"\xfa\x50\x16\xea\x6a\x4c\x25\x3a\x65\x93\x40\x03\x02\x48\x2f\x05"
	"\x0a\xf5\x8a\x23\x3d\x09\x0c\x04\x1b\xf3\x02\x87\x79\x35\x22\x4e"
	"\xf7\x7f\x48\x48\x7e\xa1\xb7\xe4\x5f\x1e\xee\x9f\x18\xb6\xf0\x1b"
	"\x66\x6a\x3e\x3c\xdd\x5b\x19\x9f\xe4\x3c\x95\x0d\x23\x21\x7d\xf8"
	"\xfc\xcb\x2f\x8e\xff\x16\xe9\x0c\x64\x63\x0d\x82\x64\xfb\xd1\x5d"
	"\x99\x99\xc0\x10\x13\xe7\xe6\xaa\x41\x36\x29\x76\x94\xd7\x12\x61"
	"\x5e\xcc\xcc\x1d\xd6\x4a\x51\x9b\xd5\xbc\x65\x9b\x87\xaf\xcf\x5f"
	"\x9e\xff\x38\x79\xfe\xfe\xf6\xfa\xf0\x64\x0b\x6d\x79\x3d\x1a\x05"
	"\x63\x38\x28\xef\xbd\x3d\x8a\x4e\x89\x51\xd9\xfa\x9c\x59\x8a\xd8"
	"\x8c\xac\x37\x8c\xa6\x2b\xd0\x4c\x6a\x74\xeb\xe9\x7f\x36\x4b\xa3"
	"\x3a\x81\xda\x29\x8c\x91\xab\x6d\x57\xf5\x82\xda\x57\xd4\x4b\xb6"
	"\x84\x1d\x3f\x83\x51\x9a\x45\xdb\x5f\x17\xdb\x0d\x05\xfd\x1a\x55"
	"\x45\x22\x6c\xf0\x4d\xe3\x23\x68\x94\x63\xdd\x37\x5e\x1e\x78\xdd"
	"\x4d\x01\x98\x7d\xe4\xc1\xdc\xc9\xa8\xf1\xbb\x38\x7c\xf3\xe9\x59"
	"\xe7\xb3\x6c\x39\xf7\x38\xd4\xcf\xb9\x33\x57\x8a\xb8\xf9\xd2\x0a"
	"\xcf\xf3\x85\x24\xd6\xf3\xde\xaf\x17\x9d\x31\x5d\xc3\xc2\x16\x25"
	"\xcf\x92\xea\xd1\x0c\xf5\xad\xfa\xfc\x5b\xf2\x5b\x2c\xb1\x36\x51"
	"\x53\xaa\x37\xc9\x1a\x22\x4a\xe8\x8a\x29\x87\xb1\x55\x1d\x3d\xa3"
	"\xba\xfc\xb0\x40\xc8\xbf\xd1\x31\xbe\x14\x1f\xcf\xdd\x63\xb0\x38"
	"\x86\x12\xbc\x43\xae\xc7\xfd\x31\xae\xb0\x07\x9a\x05\x14\x44\x9d"
	"\x4b\x2e\x03\x9c\x99\x2a\xbf\xb9\x88\xfc\x94\x29\x92\x94\x41\x2c"
	"\x99\x39\x48\x07\x09\x73\xe4\xb5\x24\xc4\x14\xe7\x62\xcd\x22\xe1"
	"\x53\xcc\xe1\x52\xe7\xa1\xb2\x55\x5c\x58\x67\xff\xb5\xab\xf3\x90"
	"\xf5\x38\x9c\x75\x2e\xa6\x05\xc4\xbe\x34\x89\x25\xa0\x5a\x98\x8a"
	"\x5d\xa9\xdb\xf4\xa8\xdf\x36\x0c\x01\xe5\x4a\x4d\x54\x1a\xc8\x52"
	"\x76\xa0\x93\x5b\x5a\xaa\x58\xf9\xd9\x31\x5e\x1a\xe3\x76\x42\x94"
	"\xbc\x62\x87\x7f\xcd\x4c\xba\x45\x42\xd4\x08\xbe\x84\x21\x6d\x9c"
	"\x04\x0d\x8b\xe0\x64\xbb\xcc\x67\x67\xc4\xed\x65\x14\x66\xfd\xe8"
	"\x46\xb7\x76\x36\x84\x5d\x8a\x2e\xc9\x0b\x81\x04\x0d\x5a\xa4\x11"
	"\x6e\xbc\x41\xe1\x8c\xc6\xca\x8e\xbb\xb6\x8f\x96\xe7\x6d\xb4\xb8"
	"\x1a\x5a\x5b\xec\xc0\xa7\x9a\xe1\xc2\xa1\x0b\xc9\x64\x8e\x77\x8e"
	"\xd2\xe7\x6c\x7c\x48\x2c\xe2\xc7\xe4\x97\xd0\x28\xec\x34\xbd\xcb"
	"\x79\x84\x5b\x67\x33\x6e\x3d\x1a\x12\xda\x29\x55\xd7\x8f\xcc\x44"
	"\x1a\x3a\x16\x8f\xe3\xf1\xfc\x2c\xaf\x47\xef\x7e\x9c\x07\x17\xd9"
	"\x0a\xbd\x25\x79\xd1\x9a\x92\x36\x9b\x91\x0c\x74\x6f\xbb\xb7\x0e"
	"\xb5\x1e\x1b\x3b\x37\x7a\xd3\xf0\xfc\x58\xdb\xaa\xdf\x83\x3a\x6d"
	"\xdf\x74\xe5\xa5\x7d\xdb\x36\xda\x31\x10\xe1\xdf\xa9\x9d\xd0\x35"
	"\x6e\x6e\x50\xd1\xdc\x62\x0e\xbb\x73\x10\x69\x53\x0a\x46\x04\x18"
	"\x80\xb8\x9b\xc0\x5c\xe2\xa9\x1d\x8b\x97\x6e\xfb\x1a\xb6\x99\xf5"
	"\x89\xa1\xa7\x0a\xe8\x95\x0d\x73\x87\x48\xa2\x06\xed\x7f\xa3\xb9"
	"\x11\xc6\xf9\xaa\x1c\x74\xb8\xb4\x37\x6a\x1c\xeb\x56\xe9\xaa\xb4"
	"\xd7\x46\xa5\xbb\x25\x0c\xdc\x2b\xbd\xf8\xf9\xf1\xdc\x2b\x42\x47"
	"\x0d\x8c\x9f\x72\xbc\xde\x88\x49\xab\x9b\x88\x28\x31\x10\x90\x44"
	"\xdd\xd9\x20\x64\xf5\xe8\xa5\x71\xa2\x13\xbd\xdb\xc8\x21\x07\x8b"
	"\xbf\x6a\x16\x41\xa9\xf4\xc7\xf3\xc3\xd3\xeb\x7f\x19\x66\xfc\xf1"
	"\xee\xe5\x3e\x0c\x48\x20\xa9\x6e\x77\xc4\x4f\xf6\x12\x74\x76\x08"
	"\xa1\x5e\xd5\xd7\xb0\x6d\xb7\xf8\xec\xb7\x13\x46\x8c\x21\x89\x98"
	"\x25\xdb\xa0\x47\x76\x71\x4e\x7c\x12\x39\x2e\xf7\x98\x89\x71\xb6"
	"\x86\x2f\xb3\xb8\x1e\xd4\x70\x66\x45\x37\x68\x3d\xce\x3d\xa1\x44"
	"\x84\xd8\x01\x76\xd3\x65\x6d\xbd\x62\x40\x2e\x5a\xef\xc3\xef\x77"
	"\x7f\x7f\x45\xf8\x14\x12\xca\x5f\x68\x04\xbe\x71\xf9\x73\x38\x08"
	"\x33\xa4\xa2\xab\xda\xac\xa5\x33\xfc\xa1\xf0\x4a\xf9\xc2\x36\x80"
	"\x2c\x38\xbe\xc7\x54\x1e\x32\x53\xc5\x2f\xca\x4d\x09\xfb\xae\x30"
	"\x75\x3f\x46\x73\x72\x39\x37\xb9\x45\xfc\x55\xf2\x61\x5b\xab\xce"
	"\x64\xad\xa2\x5c\xaa\xcf\xff\x3c\x3f\x3d\x75\x97\x4d\x0f\x87\x1e"
	"\x82\xdc\xb6\x42\xa4\x2f\x28\x7d\x54\x31\x70\xc5\x23\x45\xbb\x3d"
	"\x65\x74\x72\xb6\xb3\xf0\x40\x0a\x4c\xa6\x3e\x74\x82\x3e\xca\x5f"
	"\x2f\x45\x30\x43\xfb\xa0\x0f\xf0\x27\x45\x2f\x29\x02\xb3\xe4\x44"
	"\x4e\x8c\x56\x6f\xb3\xd1\xbe\x18\x7c\x0a\x0d\x03\x41\x66\x79\x7b"
	"\xed\x90\x61\x86\x38\x8d\x54\xaf\x29\x2d\x6d\xf0\x47\x70\x2a\x0f"
	"\x57\x01\xa7\xa8\x1e\x54\xb6\xc3\xe0\x16\x3c\x50\x63\xc7\x14\x65"
	"\xeb\x83\x66\x65\x2e\xed\x34\xc2\xa5\x70\x71\x7e\xf2\x4c\x7e\x3e"
	"\xfd\xf9\x31\xc6\x05\x8a\x4c\x6d\x2b\x43\xdc\x03\x06\xd3\x5d\x70"
	"\x09\xd9\xfd\x5c\xde\x7d\x7d\xbb\xbf\xe7\x0d\xef\x4e\x06\x5c\x7f"
	"\xaa\x1b\x6a\xc1\x25\xcb\x55\x22\x23\xdd\x14\xf2\x9c\xc2\x80\x0c"
	"\x5a\xc4\xeb\x5e\xab\x81\x55\x54\x25\x58\x8c\x46\xc0\x1a\x19\x58"
	"\x86\xb9\x74\x8e\xe9\xba\x42\x14\x52\x33\x03\x72\x48\x6e\x66\xe2"
	"\xa0\xd8\x8f\xc8\xd4\xd0\xc1\x3f\x0d\x24\xdc\xf0\x0d\x4c\x64\x38"
	"\xc9\x33\x25\xd1\x45\xf6\x8d\xef\xf1\xf0\x4a\x70\x45\x83\x17\x96"
	"\xf3\x7e\xe2\xe1\xcc\xa3\xb0\x17\x13\x21\x51\x3d\x74\x13\xd3\x52"
	"\xd1\xaf\x9e\x9a\x16\x5e\xa7\x28\x8d\x88\x23\xc2\xe2\x54\x36\x64"
	"\x5d\x4c\x57\x27\x02\x3d\xfb\x9e\xd9\x59\xac\x53\x34\x02\x53\x43"
	"\x1d\xcc\xa6\xae\xbf\x5d\x83\xce\x90\x10\xcb\xb0\xe1\x1f\xe0\xf8"
	"\xae\xe1\x38\xcb\x98\xed\x0a\x7d\x15\xb4\x01\x3f\x80\x62\x02\x09"
	"\x87\x95\xea\x08\xf4\xc8\x9f\x9a\xc6\x2d\xbe\x77\x10\x78\x84\x70"
	"\x37\x9d\xe0\x03\x84\x6f\x3f\xf8\xca\xd8\x7e\x79\xba\x77\xb1\xb6"
	"\x74\x35\xa2\x51\x60\xdf\xa7\xdf\x8f\x66\xe2\x71\x8b\x70\x37\x63"
	"\x36\xc4\x97\xd4\xe1\x12\xce\x24\x38\xb1\x4a\x1d\x33\xbb\x10\xae"
	"\x2f\xc6\x4d\x68\x47\xde\x73\x8a\xa7\xf0\xa5\x8f\x2e\x91\xe4\x97"
	"\xfd\xb8\x16\x0f\x70\xb6\x96\x01\x50\x32\x15\x7a\x98\xb6\x58\x36"
	"\xc7\x4f\x59\x2f\x9b\x6f\x29\xa3\x1f\x97\xbe\xea\xca\xf0\xa4\xf6"
	"\x46\x17\xdb\xdf\x29\xd5\xbf\x73\x6c\x80\x02\xd0\xf6\xa1\x24\x83"
	"\xe3\xbf\x1e\x6c\x27\x7f\x79\xf9\xf1\xf0\x84\x7e\xd3\x97\xbf\x9d"
	"\x3c\xbe\xbd\xde\xfd\xbc\x83\xff\xdc\xbd\x7e\xfb\xf0\xe1\xc3\x5f"
	"\xd7\x1b\x9c\xb2\xbb\xa9\x5e\x42\x5c\x5a\x25\x35\x3b\xb9\xeb\x6a"
	"\xc9\xe2\x8e\xa3\x36\x61\x1d\x3e\x20\xb1\x7f\x90\xa1\xd1\x07\x74"
	"\x0b\x35\xa4\x56\x17\x7c\x39\x56\x96\xda\xc2\xef\x56\x72\x38\x30"
	"\x13\x9c\x6b\xfa\xe0\x87\x2c\xfa\xbd\x3a\x0c\xaa\x4d\x55\x46\x9f"
	"\x26\x1f\xf5\x13\x78\xf5\xa8\x51\x96\x1a\x1a\x98\xba\x77\xea\xc2"
	"\x31\x26\x2b\xf4\x24\x8e\x0e\xf2\x80\xc2\x0e\x19\x09\xa8\x54\x3a"
	"\xfb\xd7\x0f\x95\x35\x0e\x5a\x7b\xb4\xcf\xed\x29\xa5\x8b\x1e\xe3"
	"\x94\xf6\x1d\xba\x65\x10\x9e\x9a\xf4\xf8\x44\xe7\x77\x7c\xc7\xa4"
	"\x6f\x08\xf8\x77\xa5\x4c\xae\x6d\x1b\xe5\x7b\x14\xb4\xa1\x86\x67"
	"\x39\x0c\x11\x12\x52\x6b\x25\xb5\x45\x66\x8c\xbc\xd4\xd4\x16\x20"
	"\x9b\x82\xa2\x08\x12\x43\x98\xc7\x6c\x8a\x7d\x5c\x44\x00\x02\x07"
	"\xe9\x8a\xb3\x82\x1c\xd2\xd4\x59\x2c\x78\xc1\xc0\xe4\xc0\x1c\xcc"
	"\x87\xce\xf9\xa9\x57\x89\x0f\x65\xee\x50\xd5\xe5\x90\x80\xd9\x9a"
	"\x76\xc2\xe5\x24\x7e\x99\x40\xf0\xf2\x38\x19\xe4\x01\x44\x1f\x8c"
	"\x14\x15\xcc\x57\xd0\xe1\xad\x1e\xfb\x86\x2f\x73\x4a\xd5\xa2\xf7"
	"\x61\xe2\x61\xe5\xd3\x04\x1c\x95\x31\xda\xa4\xf1\x44\x5c\xc4\x11"
	"\x17\x3a\xa1\x6e\x10\xcf\x23\xfe\xa0\x03\x10\x59\x84\x92\xf7\x27"
	"\xf1\xb4\xd9\x0e\xc5\xac\xcb\xbd\x34\x65\xc4\x55\xeb\x79\x26\x64"
	"\x9e\x0a\xb7\x5b\x7c\xc7\xc2\x80\x74\xc5\xcd\xa8\xfb\x98\xda\xaf"
	"\x7b\x9e\x4d\xe3\x09\x0b\xd5\xbe\x63\x11\x3c\x4d\xdd\x98\xac\xdf"
	"\xc6\x79\x66\x3d\xae\x9a\xf7\xb8\x53\x01\x5f\xf0\x6d\x41\x10\x4f"
	"\x46\xa1\x6d\xc1\x63\xc1\xac\x62\x5a\x84\xc8\x49\x42\xfc\xe0\x71"
	"\x14\xd3\x0f\xb9\x16\xcb\x4e\x44\xdd\xa1\xa7\x8b\xbc\xb6\xb9\xd5"
	"\x02\x97\x94\x65\xb4\xc2\x93\x2f\xdf\x57\x95\xfd\x09\x14\xe9\x4e"
	"\xfc\x8e\x77\x07\x17\x16\xae\xc5\xe9\xf9\x08\xff\xc3\x03\xfe\x25"
	"\x84\x8d\xe5\x19\xd2\x7c\x03\xf6\x88\x11\x22\x38\x17\xbd\xf9\x88"
	"\x4b\xf7\x7c\xfb\xa2\xd1\x85\x03\xf5\x25\x9b\x0c\x48\x3c\xd5\x9f"
	"\xa8\x28\xc5\xc2\xf2\x43\x82\x61\x7b\x80\x85\x97\x62\x98\x54\xdf"
	"\x59\x7f\x62\xce\x78\x97\xa7\xd5\x32\xad\x88\x98\xe4\x3b\x4d\xf9"
	"\xd0\x81\x60\xbc\xd5\xce\xa9\xed\x91\x16\x19\x7a\x38\x64\xb1\x1d"
	"\x91\xc3\x7d\x03\x33\x0b\xa2\x05\x39\x0e\xfd\xc0\xdb\xb9\x3c\xeb"
	"\xe0\x1c\x21\xf4\x74\xfe\x81\x70\xef\x2f\xec\x08\x08\x9a\x62\x64"
	"\x49\x2c\x31\x5c\x79\x43\x6f\xd4\xd0\x61\x20\xbc\x24\xb1\x87\xd6"
	"\x72\x35\xcd\xfd\xba\x98\xf2\xbe\x0a\xca\x3c\x4e\x0b\x7e\x1d\x1f"
	"\x82\x31\xf5\x66\x23\xcd\xc5\xba\x1d\x8f\x39\x9c\x2b\xdb\x36\x33"
	"\x71\xa1\xc8\xda\x56\xff\x07\x27\x8c\x03\x5c\x50\xbd\x7c\x89\x59"
	"\x8b\x9c\x2c\x48\x32\x27\x2f\x1a\x75\x85\x60\xd0\x59\x4f\x7e\x60"
	"\x61\xe5\x60\xfb\x53\x6a\x0b\x3e\x08\x63\x29\xfa\x2d\xc1\x6b\x4d"
	"\xdb\xfc\xd1\x7d\x4d\xa8\x4a\xcc\x16\x99\x85\x41\x52\x90\x10\x6f"
	"\x0c\x1c\x58\x70\xa4\x53\xe7\xb1\xf5\x29\xb2\xc1\x45\x4a\x24\x1f"
	"\xee\x20\x3e\xc7\xa3\x52\xd4\xe5\xc5\x11\x12\xc1\x12\x32\x41\x8e"
	"\xb0\x3b\x32\x9d\x6c\x27\x38\x84\x69\x36\x7e\xe0\x4d\xa6\xb3\x1c"
	"\x7a\x7e\x96\x7e\x2e\x8a\x3e\x69\xab\xae\x11\x18\x38\xf1\xcd\x6c"
	"\x36\xe5\xbc\x97\x41\xe6\xdb\x01\xe3\x28\x3c\x3b\x44\x0c\xec\xfd"
	"\x96\xe9\x6c\xb1\x4d\xd2\x41\x90\x68\x4a\x99\x63\xef\x21\x4f\xb8"
	"\x54\x44\xd9\xa9\x40\x13\x90\x39\x0c\x3a\xcb\x46\x11\x01\x97\xc7"
	"\x4b\x0a\x2f\x21\x6a\x5d\x66\x32\xb1\xd9\xb5\x89\xbe\x63\x04\x89"
	"\x8f\xfc\xe3\x0d\x40\x1f\x1f\xbd\x0a\xe1\x1a\xf3\xfa\xbd\x13\x82"
	"\xe1\x40\x27\xac\xd4\xc4\x7c\x13\xbc\x48\xa2\xa3\x81\x25\xd9\x5f"
	"\x2f\x94\x2f\x25\xa6\xcc\xf1\x62\x69\x75\x62\xa6\x5a\xd5\x8a\x96"
	"\x99\xb9\x0d\xd4\xa0\x04\x16\xf8\xb9\xb8\xe6\xa7\x17\x7b\xc8\x96"
	"\xb6\xbe\xd8\x23\x41\x35\xf7\x8d\x7a\xc7\xf0\xb3\x29\x1d\xa7\x0d"
	"\xfe\x9d\x32\x5c\xed\x73\x32\xd1\x64\xd0\xf5\xfa\x56\xf9\x2f\x31"
	"\x12\x35\x6d\xf7\xa2\xd7\xd6\xea\x81\xd1\x54\x55\xe9\xbd\x7a\x07"
	"\x3b\xbe\x1f\x09\xe7\x9b\x4e\x42\xc1\x5c\xdc\xd7\x68\xb4\x98\x85"
	"\xab\x5a\x70\x26\x71\x75\xac\x0e\x62\x5f\x49\x10\xe3\xc7\xb3\x52"
	"\x9a\xc6\x75\x4a\x3d\x46\x3c\xa1\xc9\x92\x99\x6a\x53\x61\x4a\x8c"
	"\x38\x85\x88\x8d\x33\x20\x62\xb0\x4d\xfd\x1f\x89\x12\x96\x55\x93"
	"\x9f\x02\x00"
MAGIC_END;
